sen_ID_lid_rad,time_s,x,y,v
0,0.000000,-9.664914,3.917538,0.000000
1,0.000000,-9.848994,3.943105,-4.535816
0,0.000000,24.968419,-4.082462,0.000000
1,0.000000,24.815028,-3.861907,-5.827786
0,0.000000,-11.798247,-0.082462,0.000000
1,0.000000,-11.959715,-0.066064,-0.904339
1,0.033333,-9.977062,3.740687,-4.342643
1,0.033333,24.912705,-3.195188,-5.644780
1,0.033333,-12.120163,-0.407778,-0.722559
1,0.066666,-9.953350,4.117058,-4.173173
1,0.066666,24.882604,-3.917875,-5.485962
1,0.066666,-12.363217,-0.078099,-0.564996
1,0.100000,-9.341650,3.970413,-4.672604
1,0.100000,24.207985,-3.926701,-5.996559
1,0.100000,-11.862649,-0.035611,-1.076879
1,0.133333,-9.160047,3.917212,-4.692128
1,0.133333,23.990329,-3.817362,-6.027795
1,0.133333,-11.794106,-0.086697,-1.109431
1,0.166666,-8.598383,3.935937,-4.443353
1,0.166666,23.368040,-4.193620,-5.791310
1,0.166666,-11.406860,0.126147,-0.874296
1,0.200000,-8.696014,4.292982,-4.042753
1,0.200000,23.454558,-4.785338,-5.403614
1,0.200000,-11.761281,0.392593,-0.487982
1,0.233333,-8.797327,3.840377,-4.387842
1,0.233333,23.531374,-3.520315,-5.762259
1,0.233333,-11.784603,-0.245204,-0.848045
1,0.266666,-8.945986,4.545336,-4.781269
1,0.266666,23.695830,-4.827775,-6.169936
1,0.266666,-12.334684,0.373280,-1.257175
1,0.300000,-8.331760,3.793099,-4.492586
1,0.300000,22.988425,-3.518779,-5.896242
1,0.300000,-11.575217,-0.235036,-0.984971
1,0.333333,-7.886418,3.554217,-4.181063
1,0.333333,22.477533,-3.205085,-5.600491
1,0.333333,-11.184264,-0.358414,-0.690749
1,0.366666,-7.763511,4.027010,-4.829481
1,0.366666,22.343181,-4.297792,-6.265520
1,0.366666,-11.400264,0.169370,-1.357345
1,0.400000,-7.914466,3.850008,-4.377358
1,0.400000,22.478904,-3.566250,-5.830897
1,0.400000,-11.570192,-0.224159,-0.924332
1,0.433333,-7.499187,4.595812,-4.768868
1,0.433333,22.015330,-5.555548,-6.240858
1,0.433333,-11.653600,0.804451,-1.335944
1,0.466666,-7.235169,4.079841,-3.881706
1,0.466666,21.710172,-4.476437,-5.373161
1,0.466666,-11.303070,0.265530,-0.469941
1,0.500000,-7.069867,3.876607,-4.488975
1,0.500000,21.505620,-3.995177,-5.986345
1,0.500000,-11.176276,0.024722,-1.151384
1,0.533333,-7.106508,3.741701,-4.373867
1,0.533333,21.518067,-3.442616,-5.878545
1,0.533333,-11.252228,-0.274791,-1.111512
1,0.566666,-6.874690,3.822998,-4.112483
1,0.566666,21.253739,-3.715063,-5.625968
1,0.566666,-11.197974,-0.129566,-0.926395
1,0.600000,-7.181106,4.103039,-4.593281
1,0.600000,21.591638,-3.835035,-6.117188
1,0.600000,-11.708309,-0.121172,-1.484447
1,0.633333,-6.910287,3.657199,-4.642149
1,0.633333,21.233460,-2.866739,-6.178219
1,0.633333,-11.343670,-0.606250,-1.611500
1,0.666666,-7.171269,4.189740,-4.185012
1,0.666666,21.559166,-3.623386,-5.735123
1,0.666666,-11.944459,-0.268479,-1.233404
1,0.700000,-6.493998,3.670872,-4.064109
1,0.700000,20.752205,-2.969563,-5.630290
1,0.700000,-11.186577,-0.539214,-1.192310
1,0.733333,-5.946582,3.835049,-4.495117
1,0.733333,20.158352,-3.873443,-6.079555
1,0.733333,-10.910975,-0.018285,-1.703788
1,0.766666,-6.050418,3.952203,-4.368881
1,0.766666,20.274293,-3.785226,-5.973945
1,0.766666,-11.153953,-0.089724,-1.658564
1,0.800000,-5.927500,3.743529,-4.353045
1,0.800000,20.102003,-3.194869,-5.981294
1,0.800000,-11.020674,-0.396766,-1.724139
1,0.833333,-5.973504,4.235154,-4.091780
1,0.833333,20.205050,-4.071765,-5.745985
1,0.833333,-11.426514,0.050493,-1.544527
1,0.866666,-5.230529,3.985518,-4.347013
1,0.866666,19.329397,-4.331667,-6.030171
1,0.866666,-10.760756,0.272698,-1.881480
1,0.900000,-5.449829,4.248038,-3.749644
1,0.900000,19.610438,-4.344481,-5.465001
1,0.900000,-11.176769,0.250389,-1.365702
1,0.933333,-5.333791,4.035076,-4.558430
1,0.933333,19.451698,-3.730447,-6.309504
1,0.933333,-11.036234,-0.071104,-2.255741
1,0.966666,-5.220012,4.364295,-4.355035
1,0.966666,19.369412,-4.400062,-6.145636
1,0.966666,-11.224079,0.307247,-2.133032
1,1.000000,-4.796864,4.315863,-3.535266
1,1.000000,18.874051,-4.701614,-5.369520
1,1.000000,-10.937199,0.528467,-1.435254
1,1.033333,-4.608077,4.103834,-3.758421
1,1.033333,18.634731,-4.220124,-5.640798
1,1.033333,-10.732926,0.290786,-1.784700
1,1.066666,-4.269217,3.942676,-3.842928
1,1.066666,18.218412,-4.142795,-5.778269
1,1.066666,-10.438102,0.295333,-2.000153
1,1.100000,-4.543432,4.224714,-4.131233
1,1.100000,18.597257,-3.943042,-6.124774
1,1.100000,-10.894301,0.152765,-2.424440
1,1.133333,-3.945919,3.982722,-3.596037
1,1.133333,17.858482,-4.198240,-5.653440
1,1.133333,-10.346468,0.377538,-2.030671
1,1.166666,-3.930480,3.990062,-3.981242
1,1.166666,17.853903,-3.875868,-6.108623
1,1.166666,-10.396488,0.207272,-2.563183
1,1.200000,-3.369397,3.502465,-3.853491
1,1.200000,17.092628,-3.546246,-6.057442
1,1.200000,-9.702963,0.110713,-2.589077
1,1.233333,-3.821526,3.771319,-3.096637
1,1.233333,17.672076,-2.787822,-5.384257
1,1.233333,-10.246585,-0.368221,-1.992691
1,1.266666,-3.787282,4.652946,-3.038759
1,1.266666,17.905615,-4.419911,-5.417669
1,1.266666,-10.904779,0.551193,-2.102603
1,1.300000,-2.646065,3.713248,-3.032102
1,1.300000,16.255591,-4.702468,-5.510462
1,1.300000,-9.468831,0.864818,-2.271573
1,1.333333,-3.114861,4.463858,-3.529288
1,1.333333,17.098952,-4.654548,-6.115808
1,1.333333,-10.384911,0.794527,-2.952746
1,1.366666,-2.960929,3.932950,-2.992317
1,1.366666,16.762225,-3.444949,-5.696250
1,1.366666,-9.911086,0.143752,-2.608638
1,1.400000,-2.832356,4.234425,-3.034684
1,1.400000,16.738294,-3.921938,-5.865815
1,1.400000,-10.084666,0.437033,-2.853243
1,1.433333,-2.460759,4.351564,-3.023636
1,1.433333,16.359216,-4.622031,-5.992252
1,1.433333,-9.962097,0.898863,-3.054276
1,1.466666,-2.153161,3.740580,-2.466306
1,1.466666,15.763046,-3.801506,-5.583148
1,1.466666,-9.302844,0.492470,-2.719288
1,1.500000,-2.306248,4.305705,-3.274796
1,1.500000,16.219349,-3.878980,-6.550985
1,1.500000,-9.859413,0.520546,-3.760719
1,1.533333,-1.625726,3.402565,-1.937656
1,1.533333,14.982550,-3.776392,-5.384600
1,1.533333,-8.721092,0.583614,-2.667364
1,1.566666,-1.641970,4.277209,-2.264462
1,1.566666,15.465580,-4.629703,-5.893731
1,1.566666,-9.463175,1.072457,-3.248911
1,1.600000,-1.646655,3.710412,-1.939225
1,1.600000,15.178540,-3.126706,-5.762402
1,1.600000,-8.962168,0.245436,-3.189331
1,1.633333,-1.263993,4.018518,-2.083824
1,1.633333,14.922701,-4.262545,-6.112323
1,1.633333,-9.023809,0.949913,-3.610278
1,1.666666,-1.284344,4.437205,-1.777021
1,1.666666,15.248865,-4.091869,-6.021884
1,1.666666,-9.386558,0.860577,-3.590077
1,1.700000,-1.089137,3.960440,-1.538637
1,1.700000,14.713933,-3.528656,-6.010311
1,1.700000,-8.829752,0.596494,-3.647884
1,1.733333,-0.746351,4.400738,-1.070415
1,1.733333,14.673619,-4.452306,-5.778516
1,1.733333,-9.055091,1.181139,-3.484534
1,1.766666,-0.643988,3.997973,-0.760176
1,1.766666,14.259613,-3.807158,-5.713251
1,1.766666,-8.590747,0.855690,-3.486693
1,1.800000,-0.503885,3.584226,-0.688952
1,1.800000,13.759603,-3.342395,-5.894249
1,1.800000,-8.082191,0.649422,-3.734002
1,1.833333,-0.313605,3.835537,-0.267577
1,1.833333,13.757442,-3.560802,-5.730847
1,1.833333,-8.191194,0.812912,-3.635693
1,1.866666,-0.190944,3.766467,-0.598832
1,1.866666,13.544821,-3.326331,-6.324160
1,1.866666,-8.005017,0.726503,-4.292766
1,1.900000,0.352650,3.691657,-0.054612
1,1.900000,12.890586,-4.607269,-6.044301
1,1.900000,-7.695467,1.538331,-4.075206
1,1.933333,0.163139,4.075869,0.793275
1,1.933333,13.442869,-3.357512,-5.461232
1,1.933333,-8.036966,0.834411,-3.552835
1,1.966666,0.467373,4.284650,1.058583
1,1.966666,13.369389,-3.707358,-5.459358
1,1.966666,-8.088685,1.092091,-3.609898
1,2.000000,0.765754,3.458131,1.196839
1,2.000000,12.157447,-4.265929,-5.581371
1,2.000000,-7.080487,1.483502,-3.788913
1,2.033333,0.907465,3.705791,1.323975
1,2.033333,12.278503,-4.044228,-5.709671
1,2.033333,-7.201230,1.407406,-3.972084
1,2.066666,1.188488,3.833852,1.524123
1,2.066666,12.157832,-4.274576,-5.758623
1,2.066666,-7.179853,1.598730,-4.073558
1,2.100000,1.394851,3.706244,1.951310
1,2.100000,11.788714,-4.410810,-5.572894
1,2.100000,-6.898135,1.729584,-3.937758
1,2.133333,1.390586,3.851990,1.954104
1,2.133333,11.886919,-3.760338,-5.802830
1,2.133333,-6.905118,1.407947,-4.214756
1,2.166666,1.674776,3.599368,2.013183
1,2.166666,11.311120,-4.240663,-5.966891
1,2.166666,-6.485429,1.732916,-4.422708
1,2.200000,1.805511,3.906112,2.270236
1,2.200000,11.523809,-3.830441,-5.812112
1,2.200000,-6.646489,1.566964,-4.308305
1,2.233333,2.125323,3.988424,2.485904
1,2.233333,11.380843,-4.071318,-5.691272
1,2.233333,-6.588142,1.773797,-4.223942
1,2.266666,2.429624,4.221572,2.800411
1,2.266666,11.452428,-4.095944,-5.464326
1,2.266666,-6.691712,1.869436,-4.029142
1,2.300000,2.351579,3.940264,2.324175
1,2.300000,10.984118,-3.736144,-6.021057
1,2.300000,-6.207630,1.698122,-4.613203
1,2.333333,2.404031,3.907233,2.963592
1,2.333333,10.776358,-3.465837,-5.455294
1,2.333333,-5.990674,1.602036,-4.069411
1,2.366666,2.777750,3.844569,2.755780
1,2.366666,10.489181,-3.903689,-5.730154
1,2.366666,-5.812919,1.915009,-4.360271
1,2.400000,2.532305,3.611162,3.423015
1,2.400000,10.055754,-3.269760,-5.123598
1,2.400000,-5.318532,1.581725,-3.763059
1,2.433333,3.179395,3.716434,3.151388
1,2.433333,9.983207,-4.032439,-5.449775
1,2.433333,-5.391464,2.105314,-4.091154
1,2.466666,3.365786,3.262970,3.625467
1,2.466666,9.244382,-4.484385,-5.024350
1,2.466666,-4.799051,2.346801,-3.659362
1,2.500000,4.136054,3.918378,3.724437
1,2.500000,9.951985,-4.670888,-4.968362
1,2.500000,-5.478591,2.700101,-3.587762
1,2.533333,3.816770,3.814020,2.814910
1,2.533333,9.623265,-3.943602,-5.915412
1,2.533333,-5.066445,2.294002,-4.508889
1,2.566666,3.819926,3.545143,3.017483
1,2.566666,9.124931,-3.897761,-5.745103
1,2.566666,-4.602665,2.271369,-4.301160
1,2.600000,4.264360,3.839085,3.652889
1,2.600000,9.362139,-3.933210,-5.136884
1,2.600000,-4.821721,2.463761,-3.642726
1,2.633333,4.625921,3.509166,3.900003
1,2.633333,8.888991,-4.422298,-4.912044
1,2.633333,-4.445763,2.773483,-3.353454
1,2.666666,4.315119,3.616427,2.449102
1,2.666666,8.731870,-3.630498,-6.380456
1,2.666666,-4.200928,2.367873,-4.741679
1,2.700000,4.877928,3.532506,3.512717
1,2.700000,8.615447,-4.127128,-5.329716
1,2.700000,-4.132254,2.771772,-3.593361
1,2.733333,5.016653,3.639997,3.055777
1,2.733333,8.578219,-3.921160,-5.795004
1,2.733333,-4.057993,2.773590,-3.941960
1,2.766666,4.828401,3.322745,4.326271
1,2.766666,7.969372,-3.728485,-4.528422
1,2.766666,-3.493949,2.585499,-2.537820
1,2.800000,5.780418,3.681662,4.291790
1,2.800000,8.515039,-4.198432,-4.562446
1,2.800000,-3.948073,3.246712,-2.411668
1,2.833333,5.548690,3.408576,3.489348
1,2.833333,7.934760,-3.932836,-5.360111
1,2.833333,-3.410831,3.010010,-3.024884
1,2.866666,6.043103,3.407041,3.326252
1,2.866666,7.951102,-4.184364,-5.514137
1,2.866666,-3.376559,3.354946,-2.968718
1,2.900000,5.878966,2.763716,3.569092
1,2.900000,7.048233,-4.283462,-5.257938
1,2.900000,-2.617479,3.171354,-2.475428
1,2.933333,5.965478,2.623729,3.252447
1,2.933333,6.755842,-4.234247,-5.556919
1,2.933333,-2.341238,3.162607,-2.509710
1,2.966666,6.046913,2.588488,3.495098
1,2.966666,6.559406,-4.106823,-5.292257
1,2.966666,-2.139941,3.149321,-1.952648
1,3.000000,6.288854,2.996843,3.030923
1,3.000000,6.837778,-3.822626,-5.730012
1,3.000000,-2.282103,3.308525,-2.070958
1,3.033333,6.559602,2.598207,4.381365
1,3.033333,6.427991,-4.110241,-4.348651
1,3.033333,-1.892391,3.459382,-0.344655
1,3.066666,6.831849,2.645231,3.296658
1,3.066666,6.408888,-4.100640,-5.397826
1,3.066666,-1.784917,3.648385,-1.025906
1,3.100000,6.820395,2.858889,4.130454
1,3.100000,6.353864,-3.767976,-4.523747
1,3.100000,-1.710960,3.607253,0.235583
1,3.133333,7.410179,2.468988,3.529963
1,3.133333,6.178865,-4.274340,-5.079032
1,3.133333,-1.374505,4.057396,0.082788
1,3.166666,7.251686,2.701780,3.873840
1,3.166666,6.038664,-3.835065,-4.684829
1,3.166666,-1.290041,3.894988,0.889412
1,3.200000,7.440978,2.366043,3.883505
1,3.200000,5.680700,-3.981635,-4.619491
1,3.200000,-0.925506,3.972861,0.425704
1,3.233333,7.977923,2.420150,4.055798
1,3.233333,5.834806,-4.187703,-4.385914
1,3.233333,-0.774658,4.431877,0.125449
1,3.266666,6.942882,1.656262,3.815330
1,3.266666,4.426302,-3.593018,-4.559195
1,3.266666,-0.221737,3.167354,-0.584963
1,3.300000,8.443440,1.970853,3.987387
1,3.300000,5.377183,-4.410031,-4.490272
1,3.300000,-0.100245,4.566290,-0.126109
1,3.333333,8.389340,2.003418,4.231595
1,3.333333,5.136730,-4.186177,-4.334525
1,3.333333,0.078049,4.390993,0.430415
1,3.366666,8.253263,1.759731,3.335576
1,3.366666,4.659372,-4.021094,-5.304037
1,3.366666,0.359844,4.069457,-0.133384
1,3.400000,8.264236,1.683614,4.321432
1,3.400000,4.380459,-3.895652,-4.376421
1,3.400000,0.570405,3.930683,1.198551
1,3.433333,8.178748,1.367876,4.671739
1,3.433333,3.899396,-3.780397,-4.068820
1,3.433333,0.837992,3.637818,1.902671
1,3.466666,8.622235,1.860618,4.495550
1,3.466666,4.213433,-3.792448,-4.271898
1,3.466666,0.937221,4.069517,2.082175
1,3.500000,8.895244,1.212715,4.641642
1,3.500000,3.768621,-4.052995,-4.136584
1,3.500000,1.458269,4.001746,2.580570
1,3.533333,8.858365,1.167414,4.707937
1,3.533333,3.470465,-3.872955,-4.064654
1,3.533333,1.613552,3.828258,2.991306
1,3.566666,9.845370,0.925985,4.576339
1,3.566666,3.674415,-4.569041,-4.173892
1,3.566666,2.334068,4.486437,3.192742
1,3.600000,8.901845,0.713196,5.621818
1,3.600000,2.775081,-3.687118,-3.089012
1,3.600000,2.070927,3.490477,4.557256
1,3.633333,9.442846,0.768413,5.386537
1,3.633333,2.853154,-3.946651,-3.267541
1,3.633333,2.484198,3.838614,4.625330
1,3.666666,9.827829,0.859249,5.554187
1,3.666666,2.846831,-4.079831,-3.025496
1,3.666666,2.818147,4.061409,5.079770
1,3.700000,9.834988,-0.074431,5.143746
1,3.700000,2.191546,-4.113893,-3.343642
1,3.700000,3.297203,3.627817,4.939335
1,3.733333,10.100642,0.638328,5.108051
1,3.733333,2.370796,-4.019352,-3.268951
1,3.733333,3.346036,3.961419,5.157158
1,3.766666,9.942585,0.139041,5.408672
1,3.766666,1.848752,-3.785561,-2.839748
1,3.766666,3.536822,3.553911,5.695486
1,3.800000,10.451290,0.331888,5.239787
1,3.800000,1.898564,-4.029173,-2.861872
1,3.800000,3.958349,3.876287,5.749435
1,3.833333,10.931152,0.507942,5.749789
1,3.833333,1.910662,-4.265420,-2.187101
1,3.833333,4.380142,4.169061,6.468487
1,3.866666,10.680374,0.161014,5.293431
1,3.866666,1.438261,-3.894429,-2.461055
1,3.866666,4.437986,3.754038,6.208564
1,3.900000,10.887296,0.130891,5.732596
1,3.900000,1.262313,-3.904439,-1.822446
1,3.900000,4.731630,3.774460,6.832732
1,3.933333,10.974405,0.056773,6.258429
1,3.933333,1.035988,-3.803607,-1.080985
1,3.933333,4.947493,3.700767,7.533295
1,3.966666,11.532642,0.143024,5.270504
1,3.966666,0.977457,-4.147188,-1.838232
1,3.966666,5.494207,3.976687,6.710935
1,4.000000,11.715592,0.328454,5.986141
1,4.000000,0.853245,-4.127774,-0.858679
1,4.000000,5.711019,4.080965,7.584005
1,4.033333,12.330183,0.447584,5.484939
1,4.033333,0.772013,-4.544387,-1.098270
1,4.033333,6.313523,4.395068,7.233059
1,4.066666,12.268453,-0.131451,5.388133
1,4.066666,0.333404,-4.312517,-0.938058
1,4.066666,6.584026,3.960986,7.280203
1,4.100000,11.800021,-0.067982,5.940606
1,4.100000,0.138438,-3.647351,-0.135314
1,4.100000,6.288267,3.667314,7.971106
1,4.133333,12.291184,0.569599,5.725568
1,4.133333,0.182006,-3.951719,-0.108784
1,4.133333,6.643684,4.186935,7.889687
1,4.166666,12.460746,0.263659,5.814495
1,4.166666,-0.089066,-3.923747,0.211305
1,4.166666,7.015829,4.019583,8.108053
1,4.200000,12.226378,0.185406,5.832949
1,4.200000,-0.250955,-3.497251,0.449105
1,4.200000,6.964469,3.787585,8.252331
1,4.233333,12.479834,0.154631,6.044984
1,4.233333,-0.416744,-3.559307,0.867577
1,4.233333,7.329659,3.814184,8.587072
1,4.266666,13.519894,-0.020192,5.591561
1,4.266666,-0.760663,-4.388357,0.606903
1,4.266666,8.448935,4.091975,8.253680
1,4.300000,13.056631,-0.885741,6.051172
1,4.300000,-1.058656,-3.709700,1.245105
1,4.300000,8.430783,3.274145,8.831036
1,4.333333,13.578093,-0.399096,5.841284
1,4.333333,-1.154413,-4.036292,1.199459
1,4.333333,8.893518,3.707083,8.736954
1,4.366666,13.616390,-0.351159,5.856601
1,4.366666,-1.255994,-3.885409,1.364729
1,4.366666,9.053928,3.670367,8.866441
1,4.400000,14.003503,-1.013678,5.371456
1,4.400000,-1.678186,-4.019388,1.081067
1,4.400000,9.749032,3.292530,8.559651
1,4.433333,14.401083,-0.817553,5.664017
1,4.433333,-1.853398,-4.209397,1.559360
1,4.433333,10.203161,3.482800,9.027271
1,4.466666,14.349845,0.473198,5.330449
1,4.466666,-1.542327,-4.119009,1.396429
1,4.466666,9.943308,4.285294,8.865761
1,4.500000,14.245987,-0.206379,6.180134
1,4.500000,-1.761580,-3.767719,2.402395
1,4.500000,10.184996,3.698676,9.822641
1,4.533333,14.792317,0.057419,5.234632
1,4.533333,-1.988326,-4.126138,1.599622
1,4.533333,10.780810,4.011006,8.981092
1,4.566666,14.600160,0.150336,5.138926
1,4.566666,-1.938111,-3.804147,1.633920
1,4.566666,10.733031,3.949852,8.986421
1,4.600000,14.980800,-0.258312,5.261463
1,4.600000,-2.276944,-3.923512,1.874575
1,4.600000,11.357409,3.708792,9.207363
1,4.633333,15.187417,-0.474207,5.521153
1,4.633333,-2.484526,-3.914944,2.241327
1,4.633333,11.768718,3.546401,9.563080
1,4.666666,15.532352,-0.716684,5.432073
1,4.666666,-2.776069,-4.016983,2.249059
1,4.666666,12.320185,3.399889,9.567877
1,4.700000,15.918237,0.184313,4.707486
1,4.700000,-2.778552,-4.334358,1.611810
1,4.700000,12.619674,4.165602,8.935216
1,4.733333,15.730520,0.465861,5.629615
1,4.733333,-2.640705,-4.085430,2.612542
1,4.733333,12.537738,4.282168,9.947497
1,4.766666,16.120358,-0.063207,5.348561
1,4.766666,-3.024460,-4.166020,2.402048
1,4.766666,13.207967,3.915795,9.754979
1,4.800000,15.977925,-0.157038,4.919652
1,4.800000,-2.983923,-3.898087,2.036309
1,4.800000,13.262795,3.745935,9.413133
1,4.833333,16.227808,-0.528370,5.168196
1,4.833333,-3.245639,-3.896939,2.341238
1,4.833333,13.762891,3.453060,9.747393
1,4.866666,16.252988,-0.184819,4.903201
1,4.866666,-3.182551,-3.850759,2.126405
1,4.866666,13.875300,3.699534,9.566880
1,4.900000,16.057332,-0.148223,4.710989
1,4.900000,-3.050679,-3.585651,1.978652
1,4.900000,13.851086,3.633532,9.458020
1,4.933333,16.441846,0.643105,4.524488
1,4.933333,-3.121895,-3.923227,1.831382
1,4.933333,14.214802,4.381153,9.353831
1,4.966666,16.520327,0.153614,5.046219
1,4.966666,-3.278251,-3.763662,2.387560
1,4.966666,14.581143,3.933901,9.956918
1,5.000000,17.017920,-0.183727,5.047502
1,5.000000,-3.683411,-3.950052,2.418905
1,5.000000,15.319925,3.716537,10.038675
1,5.033333,17.611193,0.331206,5.113690
1,5.033333,-3.957861,-4.387944,2.511143
1,5.033333,15.960652,4.286645,10.184526
1,5.066666,16.979053,0.055660,4.604582
1,5.066666,-3.580396,-3.754078,2.024409
1,5.066666,15.592944,3.846399,9.754328
1,5.100000,16.955060,-0.649838,4.078530
1,5.100000,-3.704052,-3.491794,1.517365
1,5.100000,15.911753,3.150040,9.306491
1,5.133333,17.879103,-0.524043,4.699444
1,5.133333,-4.318796,-4.055843,2.154206
1,5.133333,16.969801,3.436608,10.004975
1,5.166666,18.008708,-0.060099,4.218167
1,5.166666,-4.281515,-4.149229,1.686034
1,5.166666,17.183761,3.866251,9.600670
1,5.200000,17.879014,-0.447030,3.452530
1,5.200000,-4.255256,-3.872898,0.930918
1,5.200000,17.332667,3.429567,8.911449
1,5.233333,17.901430,-1.023080,4.104413
1,5.233333,-4.382077,-3.670243,1.590955
1,5.233333,17.670829,2.835434,9.639232
1,5.266666,18.245624,1.364952,4.032915
1,5.266666,-4.090227,-4.387654,1.525446
1,5.266666,17.693678,5.219498,9.643152
1,5.300000,18.545001,0.855365,3.921384
1,5.300000,-4.378712,-4.365602,1.417921
1,5.300000,18.294293,4.757325,9.606590
1,5.333333,18.349364,0.276195,3.333671
1,5.333333,-4.325664,-3.992600,0.832400
1,5.333333,18.425572,4.113223,9.093427
1,5.366666,18.235050,-0.052282,3.959842
1,5.366666,-4.273808,-3.751976,1.459105
1,5.366666,18.584167,3.730534,9.793756
1,5.400000,18.900394,0.233538,3.380614
1,5.400000,-4.676125,-4.177761,0.878897
1,5.400000,19.381532,4.127677,9.288320
1,5.433333,18.739328,1.156892,3.966938
1,5.433333,-4.340719,-4.229317,1.462858
1,5.433333,19.239532,5.030829,9.948092
1,5.466666,19.204080,0.827371,3.837997
1,5.466666,-4.708387,-4.370169,1.330295
1,5.466666,19.973732,4.758637,9.892278
1,5.500000,19.422973,-0.185305,3.677621
1,5.500000,-5.044375,-4.166237,1.165154
1,5.500000,20.605399,3.709529,9.739338
1,5.533333,18.983047,0.153154,3.825703
1,5.533333,-4.591041,-3.891695,1.307429
1,5.533333,20.315583,3.963507,9.894453
1,5.566666,19.070287,0.246562,3.712977
1,5.566666,-4.592630,-3.896522,1.187958
1,5.566666,20.593040,4.058747,9.788389
1,5.600000,19.573696,-0.501501,3.617971
1,5.600000,-5.089134,-3.957856,1.085359
1,5.600000,21.445814,3.311950,9.699697
1,5.633333,19.710644,0.657797,3.527123
1,5.633333,-4.905642,-4.270638,0.986158
1,5.633333,21.562498,4.583884,9.614841
1,5.666666,19.519730,0.729166,3.317858
1,5.666666,-4.697032,-4.094585,0.767861
1,5.666666,21.570727,4.615905,9.411266
1,5.700000,19.334189,-1.212747,2.968751
1,5.700000,-4.891728,-3.448470,0.409123
1,5.700000,21.971659,2.388527,9.067567
1,5.733333,19.625222,0.609989,3.005801
1,5.733333,-4.692636,-3.994095,0.436016
1,5.733333,22.119195,4.473233,9.109763
1,5.766666,19.865731,0.333679,2.823632
1,5.766666,-4.872487,-4.010092,0.243233
1,5.766666,22.620683,4.183846,8.932492
1,5.800000,19.764542,-0.333432,3.092948
1,5.800000,-4.863445,-3.720419,0.501547
1,5.800000,22.857886,3.382876,9.206477
1,5.833333,20.569635,0.400816,3.383693
1,5.833333,-5.287430,-4.344085,0.780968
1,5.833333,23.722656,4.342779,9.501673
1,5.866666,20.339821,0.287106,2.455751
1,5.866666,-5.068797,-4.108334,-0.158558
1,5.866666,23.727350,4.159504,8.577979
1,5.900000,20.469818,0.382765,2.520996
1,5.900000,-5.088262,-4.154777,-0.105096
1,5.900000,24.047363,4.277608,8.647281
1,5.933333,20.523763,0.985436,2.576634
1,5.933333,-4.956951,-4.289955,-0.061378
1,5.933333,24.194355,4.987753,8.706796
1,5.966666,20.070370,0.650867,2.746053
1,5.966666,-4.599505,-3.854603,0.096041
1,5.966666,24.020405,4.514859,8.879924
1,6.000000,20.488401,-0.419612,2.461765
1,6.000000,-5.055405,-3.800388,-0.200265
1,6.000000,24.842608,3.273172,8.599184
1,6.033333,20.619775,-0.350620,2.528424
1,6.033333,-5.073893,-3.844490,-0.145586
1,6.033333,25.168956,3.358121,8.669242
1,6.066666,20.347293,0.376241,2.497851
1,6.066666,-4.651961,-3.796907,-0.188040
1,6.066666,24.975159,4.193336,8.641924
1,6.100000,20.264463,-0.385109,2.387734
1,6.100000,-4.650272,-3.520527,-0.309881
1,6.100000,25.241582,3.226316,8.534929
1,6.133333,20.704566,-0.169062,2.038863
1,6.133333,-4.881558,-3.789521,-0.670258
1,6.133333,25.847104,3.544556,8.189053
1,6.166666,21.007092,0.098724,1.983886
1,6.166666,-4.991609,-3.992015,-0.736459
1,6.166666,26.307257,3.909225,8.136952
1,6.200000,21.220007,0.885385,2.470689
1,6.200000,-4.938658,-4.275221,-0.260538
1,6.200000,26.581343,4.917640,8.626517
1,6.233333,20.752182,-1.216002,2.221105
1,6.233333,-4.890837,-3.458897,-0.520594
1,6.233333,26.698753,2.171803,8.379587
1,6.266666,21.353848,1.084533,2.107518
1,6.266666,-4.849186,-4.317277,-0.644176
1,6.266666,27.094906,5.181214,8.268553
1,6.300000,20.885586,0.109862,2.396493
1,6.300000,-4.573603,-3.735729,-0.364647
1,6.300000,27.021002,3.863072,8.559983
1,6.333333,21.707181,-1.340898,2.652339
1,6.333333,-5.428632,-3.885836,-0.117624
1,6.333333,28.287049,2.086653,8.818193
1,6.366666,21.646563,0.262001,1.676120
1,6.366666,-4.964098,-4.170335,-1.101964
1,6.366666,28.165950,4.143224,7.844251
1,6.400000,20.718352,-0.579414,1.674906
1,6.400000,-4.311506,-3.364835,-1.110514
1,6.400000,27.601155,2.899067,7.845230
1,6.433333,21.015521,0.364197,1.917729
1,6.433333,-4.289927,-3.705266,-0.874154
1,6.433333,27.939434,4.183568,8.090169
1,6.466666,21.602624,-0.092498,1.865846
1,6.466666,-4.728599,-3.947445,-0.931534
1,6.466666,28.811514,3.642333,8.040326
1,6.500000,21.882694,0.912689,1.053780
1,6.500000,-4.671431,-4.323953,-1.748029
1,6.500000,29.117255,5.012585,7.230229
1,6.533333,21.845147,-0.363272,1.230980
1,6.533333,-4.779737,-3.978066,-1.574085
1,6.533333,29.515273,3.288618,7.409328
1,6.566666,21.264708,-1.071777,1.799351
1,6.566666,-4.377125,-3.442615,-1.007679
1,6.566666,29.262575,2.229936,7.979535
1,6.600000,21.451228,0.604575,1.156136
1,6.600000,-4.123342,-3.852967,-1.651444
1,6.600000,29.372259,4.542824,7.338093
1,6.633333,22.100588,0.238395,1.307097
1,6.633333,-4.567959,-4.180310,-1.499484
1,6.633333,30.291795,4.112633,7.490769
1,6.666666,21.577747,1.330840,1.349097
1,6.666666,-3.914758,-4.026005,-1.454791
1,6.666666,29.777667,5.562299,7.534427
1,6.700000,22.137264,-0.092511,1.442968
1,6.700000,-4.454460,-4.080552,-1.356374
1,6.700000,30.802555,3.646283,7.629902
1,6.733333,21.050767,-0.377894,1.208208
1,6.733333,-3.604217,-3.267034,-1.584565
1,6.733333,29.980761,3.099653,7.396695
1,6.766666,22.372328,0.547232,1.243869
1,6.766666,-4.300357,-4.321457,-1.540125
1,6.766666,31.342024,4.558063,7.433859
1,6.800000,22.264472,-1.103468,0.807004
1,6.800000,-4.434511,-3.917110,-1.965798
1,6.800000,31.714208,2.206274,6.998451
1,6.833333,22.527413,0.749419,1.135062
1,6.833333,-4.158180,-4.425822,-1.623914
1,6.833333,31.877102,4.859171,7.327921
1,6.866666,22.202770,0.781195,1.240545
1,6.866666,-3.820836,-4.172701,-1.501731
1,6.866666,31.756770,4.872577,7.434771
1,6.900000,21.953573,-0.000474,1.331549
1,6.900000,-3.673148,-3.825978,-1.390888
1,6.900000,31.855903,3.716441,7.527101
1,6.933333,22.285021,-0.690077,0.478771
1,6.933333,-3.921595,-3.935169,-2.220400
1,6.933333,32.504751,2.746992,6.675611
1,6.966666,22.207456,0.151362,0.813638
1,6.966666,-3.598135,-3.997489,-1.858527
1,6.966666,32.499260,3.958587,7.011728
1,7.000000,22.144968,0.939674,0.007819
1,7.000000,-3.313205,-4.068232,-2.633258
1,7.000000,32.503720,5.110350,6.207121
1,7.033333,22.322985,0.411429,0.075405
1,7.033333,-3.398588,-4.094361,-2.530124
1,7.033333,32.985872,4.350562,6.275885
1,7.066666,22.040390,0.162584,0.308060
1,7.066666,-3.143988,-3.822159,-2.257055
1,7.066666,32.956642,3.949436,6.509684
1,7.100000,22.042931,-0.944888,0.375392
1,7.100000,-3.229933,-3.666759,-2.143995
1,7.100000,33.343533,2.279472,6.578129
1,7.133333,22.583186,0.811295,0.528742
1,7.133333,-3.127507,-4.325646,-1.939121
1,7.133333,33.798110,4.977783,6.732559
1,7.166666,22.214679,0.886933,0.118737
1,7.166666,-2.776223,-4.026776,-2.291280
1,7.166666,33.625023,5.063497,6.323605
1,7.200000,22.763745,-0.117827,-0.227184
1,7.200000,-3.144561,-4.320047,-2.572461
1,7.200000,34.556218,3.594332,5.978708
1,7.233333,22.285519,0.518881,-0.108413
1,7.233333,-2.627641,-4.009353,-2.381447
1,7.233333,34.179946,4.516258,6.098474
1,7.266666,22.147615,-0.139817,0.186207
1,7.266666,-2.537858,-3.807222,-2.006417
1,7.266666,34.364164,3.485040,6.394064
1,7.300000,22.472132,0.612433,-0.124368
1,7.300000,-2.450501,-4.169319,-2.227715
1,7.300000,34.765614,4.684375,6.084432
1,7.333333,22.531804,0.029019,0.118879
1,7.333333,-2.448453,-4.150346,-1.885578
1,7.333333,35.134872,3.784454,6.328598
1,7.366666,22.675603,-0.345268,0.065578
1,7.366666,-2.450846,-4.242860,-1.829591
1,7.366666,35.546662,3.212247,6.276192
1,7.400000,22.286861,0.324244,0.223427
1,7.400000,-2.002909,-3.973010,-1.551240
1,7.400000,35.257354,4.224366,6.434915
1,7.433333,22.103419,-0.647307,-0.135010
1,7.433333,-1.954957,-3.734955,-1.777123
1,7.433333,35.440910,2.655506,6.077329
1,7.466666,22.511222,-0.282015,-0.402748
1,7.466666,-1.924503,-4.137295,-1.899411
1,7.466666,35.998140,3.281915,5.810421
1,7.500000,22.167544,-0.971684,-0.217918
1,7.500000,-1.766364,-3.800704,-1.555397
1,7.500000,35.967626,2.125731,6.062316
1,7.533333,22.721222,0.728161,-0.625352
1,7.533333,-1.502993,-4.445748,-1.789107
1,7.533333,36.452691,4.924306,5.721940
1,7.566666,22.189571,0.541543,-0.463399
1,7.566666,-1.213043,-3.937364,-1.438143
1,7.566666,36.169435,4.583269,5.950945
1,7.600000,21.754919,0.123567,-0.992860
1,7.600000,-1.012698,-3.506022,-1.762651
1,7.600000,36.025383,3.859909,5.488531
1,7.633333,22.588062,-0.035138,-1.343828
1,7.633333,-1.105284,-4.320341,-1.892194
1,7.633333,37.098199,3.681784,5.204603
1,7.666666,22.635352,-0.288193,-0.667019
1,7.666666,-0.989931,-4.383095,-0.977127
1,7.666666,37.405269,3.268887,5.948446
1,7.700000,21.746172,-0.400533,-0.645950
1,7.700000,-0.668489,-3.536616,-0.700809
1,7.700000,36.760359,2.980989,6.036543
1,7.733333,22.193670,-0.649761,-0.744295
1,7.733333,-0.627005,-4.005576,-0.527004
1,7.733333,37.466434,2.608130,6.005221
1,7.766666,21.663811,-0.264229,-0.942040
1,7.766666,-0.332934,-3.511921,-0.436064
1,7.766666,37.106641,3.199638,5.874493
1,7.800000,22.351071,-0.315874,-1.264651
1,7.800000,-0.218600,-4.230792,-0.454122
1,7.800000,38.026398,3.183702,5.618894
1,7.833333,22.044013,-0.147161,-1.851373
1,7.833333,0.006526,-3.958847,-0.721408
1,7.833333,37.924473,3.439218,5.099178
1,7.866666,21.620807,-0.822428,-1.034141
1,7.866666,0.060770,-3.592294,0.428851
1,7.866666,37.838770,2.218132,5.983412
1,7.900000,22.076289,-0.584098,-1.809493
1,7.900000,0.309519,-4.081905,-0.001460
1,7.900000,38.491839,2.682874,5.275056
1,7.933333,22.390059,0.033456,-1.616911
1,7.933333,0.672424,-4.413606,0.546350
1,7.933333,38.943503,3.789574,5.534629
1,7.966666,21.615991,-0.675630,-2.416137
1,7.966666,0.624753,-3.725727,0.110524
1,7.966666,38.523914,2.458844,4.802390
1,8.000000,21.685643,0.380962,-1.219199
1,8.000000,1.019712,-3.794446,1.652646
1,8.000000,38.661466,4.349562,6.066309
1,8.033333,21.528367,0.567363,-1.908261
1,8.033333,1.211199,-3.682073,1.299124
1,8.033333,38.713239,4.679860,5.444224
1,8.066666,21.633523,-0.527230,-1.482032
1,8.066666,1.257109,-3.893607,2.050036
1,8.066666,39.250433,2.715690,5.937426
1,8.100000,21.270040,0.203565,-1.094553
1,8.100000,1.461858,-3.555673,2.750423
1,8.100000,39.016749,4.013736,6.391873
1,8.133333,21.284716,0.532867,-1.703271
1,8.133333,1.730873,-3.602707,2.442216
1,8.133333,39.220398,4.628636,5.850118
1,8.166666,21.799052,-1.104904,-2.236276
1,8.166666,1.876128,-4.281461,2.196972
1,8.166666,40.245657,1.663351,5.384072
1,8.200000,21.858032,0.322085,-1.850671
1,8.200000,2.404146,-4.222705,2.857475
1,8.200000,40.338872,4.299933,5.836632
1,8.233333,21.984568,-0.309005,-1.188248
1,8.233333,2.585126,-4.449193,3.782028
1,8.233333,40.828896,3.146817,6.566005
1,8.266666,21.084925,-0.309736,-1.550670
1,8.266666,2.351414,-3.736620,3.669228
1,8.266666,40.193156,3.052790,6.270530
1,8.300000,21.793934,-1.061832,-2.267253
1,8.300000,2.837408,-4.505344,3.190156
1,8.300000,41.266936,1.706881,5.620889
1,8.333333,21.113862,0.466431,-1.928077
1,8.333333,2.969141,-3.781935,3.755226
1,8.333333,40.610005,4.552571,6.027004
1,8.366666,21.093505,0.198308,-2.059783
1,8.366666,3.144570,-3.855904,3.838357
1,8.366666,40.905801,4.041726,5.962233
1,8.400000,21.323417,-0.036918,-2.259922
1,8.400000,3.492408,-4.123230,3.842606
1,8.400000,41.444454,3.610285,5.829025
1,8.433333,21.070116,-1.752536,-2.283992
1,8.433333,3.284491,-4.322139,4.013101
1,8.433333,41.689909,0.215990,5.871882
1,8.466666,21.555309,-0.092308,-2.337349
1,8.466666,4.150169,-4.406306,4.145119
1,8.466666,42.227572,3.531281,5.885448
1,8.500000,21.021141,0.034351,-2.256283
1,8.500000,4.063017,-4.049826,4.402996
1,8.500000,41.948420,3.739011,6.033434
1,8.533333,21.085970,-0.253260,-2.710591
1,8.533333,4.313879,-4.208477,4.117543
1,8.533333,42.338625,3.173261,5.646043
1,8.566666,20.844198,-1.723037,-2.595220
1,8.566666,4.149091,-4.449297,4.394393
1,8.566666,42.563411,0.166182,5.828327
1,8.600000,20.428490,0.142107,-2.879481
1,8.600000,4.427226,-3.796064,4.264792
1,8.600000,42.175567,3.929389,5.610976
1,8.633333,20.793827,-0.825235,-2.713276
1,8.633333,4.789265,-4.324201,4.579358
1,8.633333,42.977244,1.971668,5.844086
1,8.666666,20.226952,-0.821404,-2.385774
1,8.666666,4.627654,-4.020736,5.049413
1,8.666666,42.698822,1.901140,6.238491
1,8.700000,20.293186,-0.104164,-2.691060
1,8.700000,5.075746,-3.946118,4.881324
1,8.700000,42.942288,3.422186,6.000105
1,8.733333,20.597708,-1.039977,-2.458296
1,8.733333,5.417839,-4.453385,5.246355
1,8.733333,43.673692,1.476279,6.299766
1,8.766666,20.304446,-0.050598,-2.608831
1,8.766666,5.646681,-4.054699,5.223544
1,8.766666,43.526793,3.547761,6.216124
1,8.800000,20.232103,-0.655935,-2.591766
1,8.800000,5.752859,-4.249072,5.364152
1,8.800000,43.846453,2.237991,6.300080
1,8.833333,20.290786,0.311634,-3.167816
1,8.833333,6.276988,-4.046888,4.907794
1,8.833333,44.036519,4.345189,5.790917
1,8.866666,20.178116,-0.336068,-2.679856
1,8.866666,6.338515,-4.240568,5.511898
1,8.866666,44.340175,2.927918,6.345761
1,8.900000,19.506244,-0.278310,-3.444933
1,8.900000,6.073496,-3.917590,4.859699
1,8.900000,43.963307,2.990663,5.647567
1,8.933333,19.493994,0.363272,-3.273498
1,8.933333,6.480138,-3.764154,5.140998
1,8.933333,44.133671,4.446973,5.885880
1,8.966666,19.602728,-0.162098,-3.939998
1,8.966666,6.759814,-4.052039,4.581582
1,8.966666,44.648841,3.270791,5.286256
1,9.000000,19.285504,-0.830010,-3.802570
1,9.000000,6.655361,-4.192678,4.823531
1,9.000000,44.743678,1.700670,5.490557
1,9.033333,19.521162,-1.452082,-3.252959
1,9.033333,7.041582,-4.627066,5.475294
1,9.033333,45.356580,0.288722,6.107040
1,9.066666,19.328024,0.032926,-3.333666
1,9.066666,7.458138,-4.015098,5.494549
1,9.066666,45.270088,3.717398,6.093201
1,9.100000,18.946179,-0.640847,-3.993542
1,9.100000,7.291560,-4.158400,4.932610
1,9.100000,45.317593,2.087672,5.500190
1,9.133333,19.302457,0.097709,-3.871544
1,9.133333,8.062661,-4.083363,5.150670
1,9.133333,45.863462,3.886105,5.689051
1,9.166666,18.942114,0.026739,-4.191990
1,9.166666,8.036113,-4.003964,4.924549
1,9.166666,45.836988,3.698072,5.435465
1,9.200000,18.716539,-0.377596,-3.610582
1,9.200000,8.061827,-4.136022,5.598671
1,9.200000,46.006090,2.696688,6.083731
1,9.233333,18.366757,-0.732731,-4.429798
1,9.233333,7.990938,-4.203943,4.870674
1,9.233333,46.035123,1.772231,5.331370
1,9.266666,18.249576,0.451358,-4.149141
1,9.266666,8.447558,-3.677937,5.241162
1,9.266666,46.024537,4.744019,5.678881
1,9.300000,18.121450,-1.035354,-4.022888
1,9.300000,8.341714,-4.382170,5.455954
1,9.300000,46.482021,0.955373,5.871985
1,9.333333,18.393635,0.819693,-3.938299
1,9.333333,9.309760,-3.650572,5.627880
1,9.333333,46.733764,5.720368,6.023422
1,9.366666,17.984443,-0.184793,-4.214452
1,9.366666,9.031186,-4.037521,5.437944
1,9.366666,46.883852,3.128565,5.814115
1,9.400000,18.216507,-0.117553,-4.323562
1,9.400000,9.585465,-4.152268,5.414009
1,9.400000,47.437113,3.330763,5.771849
1,9.433333,17.970945,0.561042,-4.508095
1,9.433333,9.845227,-3.746175,5.313676
1,9.433333,47.378611,5.108622,5.654158
1,9.466666,17.288156,-0.713395,-4.583014
1,9.466666,9.262750,-4.234346,5.322049
1,9.466666,47.286809,1.637326,5.646079
1,9.500000,17.466810,0.266915,-4.391671
1,9.500000,9.976594,-3.814955,5.595832
1,9.500000,47.625149,4.335711,5.904259
1,9.533333,17.598206,-0.470049,-4.203017
1,9.533333,10.267853,-4.346486,5.866132
1,9.533333,48.244226,2.339834,6.159749
1,9.566666,17.374066,0.419474,-4.533878
1,9.566666,10.604361,-3.787498,5.616172
1,9.566666,48.184083,4.784158,5.895721
1,9.600000,17.528493,0.531721,-4.750650
1,9.600000,11.120105,-3.815368,5.479603
1,9.600000,48.657586,5.118768,5.745780
1,9.633333,16.903468,0.308792,-4.803667
1,9.633333,10.824453,-3.785800,5.506135
1,9.633333,48.438100,4.489470,5.759593
1,9.666666,17.032288,-0.605174,-4.411143
1,9.666666,11.076553,-4.479377,5.977594
1,9.666666,49.098520,1.881744,6.218944
1,9.700000,17.042440,0.016333,-4.764396
1,9.700000,11.581610,-4.123885,5.702699
1,9.700000,49.351219,3.681134,5.932517
1,9.733333,16.199320,0.396301,-5.019672
1,9.733333,11.231154,-3.634898,5.525238
1,9.733333,48.773246,4.776780,5.744065
1,9.766666,15.970369,-0.024054,-5.365234
1,9.766666,11.265415,-3.903725,5.256981
1,9.766666,49.006651,3.501987,5.465325
1,9.800000,16.228240,0.017461,-5.000478
1,9.800000,11.875493,-4.011460,5.698561
1,9.800000,49.615816,3.658290,5.896901
1,9.833333,16.238941,-0.022269,-4.886252
1,9.833333,12.234481,-4.096925,5.889158
1,9.833333,49.998762,3.547508,6.077945
1,9.866666,15.829516,-0.253996,-5.209477
1,9.866666,12.148540,-4.200272,5.641876
1,9.866666,50.004457,2.795357,5.821535
1,9.900000,15.769334,-0.406128,-5.338561
1,9.900000,12.415360,-4.361053,5.588333
1,9.900000,50.340336,2.308519,5.759266
1,9.933333,15.988177,-1.092433,-5.116406
1,9.933333,12.813913,-5.053188,5.885649
1,9.933333,51.013827,0.155183,6.048234
1,9.966666,15.268692,-0.169339,-5.920011
1,9.966666,12.730938,-4.134062,5.156845
1,9.966666,50.539699,3.029157,5.311440
