sen_ID_lid_rad, time_s, x, y, v
0, 0.000000, -9.664914, 3.917538, 0.000000
1, 0.000000, -9.848994, 3.943105, -4.535816
0, 0.000000, 24.968419, -4.082462, 0.000000
1, 0.000000, 24.815028, -3.861907, -5.827786
0, 0.000000, -11.798247, -0.082462, 0.000000
1, 0.000000, -11.959715, -0.066064, -0.904339
0, 0.033333, -9.728671, 4.209419, 0.000000
1, 0.033333, -9.977062, 3.740687, -4.342643
0, 0.033333, 24.537996, -3.790581, 0.000000
1, 0.033333, 24.912705, -3.195188, -5.644780
0, 0.033333, -11.995337, 0.209419, 0.000000
1, 0.033333, -12.120163, -0.407778, -0.722559
0, 0.066666, -9.689590, 4.194301, 0.000000
1, 0.066666, -9.953350, 4.117058, -4.173173
0, 0.066666, 24.210410, -3.805699, 0.000000
1, 0.066666, 24.882604, -3.917875, -5.485962
0, 0.066666, -12.089590, 0.194301, 0.000000
1, 0.066666, -12.363217, -0.078099, -0.564996
0, 0.100000, -9.348285, 4.058288, 0.000000
1, 0.100000, -9.341650, 3.970413, -4.672604
0, 0.100000, 24.185048, -3.941712, 0.000000
1, 0.100000, 24.207985, -3.926701, -5.996559
0, 0.100000, -11.881618, 0.058288, 0.000000
1, 0.100000, -11.862649, -0.035611, -1.076879
0, 0.133333, -9.155778, 4.108078, 0.000000
1, 0.133333, -9.160047, 3.917212, -4.692128
0, 0.133333, 24.010888, -3.891922, 0.000000
1, 0.133333, 23.990329, -3.817362, -6.027795
0, 0.133333, -11.822445, 0.108078, 0.000000
1, 0.133333, -11.794106, -0.086697, -1.109431
0, 0.166666, -9.134921, 3.889358, 0.000000
1, 0.166666, -8.598383, 3.935937, -4.443353
0, 0.166666, 23.665079, -4.110642, 0.000000
1, 0.166666, 23.368040, -4.193620, -5.791310
0, 0.166666, -11.934921, -0.110642, 0.000000
1, 0.166666, -11.406860, 0.126147, -0.874296
0, 0.200000, -8.905664, 3.781877, 0.000000
1, 0.200000, -8.696014, 4.292982, -4.042753
0, 0.200000, 23.527669, -4.218123, 0.000000
1, 0.200000, 23.454558, -4.785338, -5.403614
0, 0.200000, -11.838998, -0.218123, 0.000000
1, 0.200000, -11.761281, 0.392593, -0.487982
0, 0.233333, -8.892663, 3.941299, 0.000000
1, 0.233333, -8.797327, 3.840377, -4.387842
0, 0.233333, 23.174004, -4.058701, 0.000000
1, 0.233333, 23.531374, -3.520315, -5.762259
0, 0.233333, -11.959330, -0.058701, 0.000000
1, 0.233333, -11.784603, -0.245204, -0.848045
0, 0.266666, -8.485792, 3.741406, 0.000000
1, 0.266666, -8.945986, 4.545336, -4.781269
0, 0.266666, 23.214208, -4.258594, 0.000000
1, 0.266666, 23.695830, -4.827775, -6.169936
0, 0.266666, -11.685792, -0.258594, 0.000000
1, 0.266666, -12.334684, 0.373280, -1.257175
0, 0.300000, -8.556436, 3.969923, 0.000000
1, 0.300000, -8.331760, 3.793099, -4.492586
0, 0.300000, 22.776897, -4.030077, 0.000000
1, 0.300000, 22.988425, -3.518779, -5.896242
0, 0.300000, -11.889770, -0.030077, 0.000000
1, 0.300000, -11.575217, -0.235036, -0.984971
0, 0.333333, -8.157343, 3.763693, 0.000000
1, 0.333333, -7.886418, 3.554217, -4.181063
0, 0.333333, 22.809324, -4.236307, 0.000000
1, 0.333333, 22.477533, -3.205085, -5.600491
0, 0.333333, -11.624010, -0.236307, 0.000000
1, 0.333333, -11.184264, -0.358414, -0.690749
0, 0.366666, -7.818932, 4.071195, 0.000000
1, 0.366666, -7.763511, 4.027010, -4.829481
0, 0.366666, 22.781068, -3.928805, 0.000000
1, 0.366666, 22.343181, -4.297792, -6.265520
0, 0.366666, -11.418932, 0.071195, 0.000000
1, 0.366666, -11.400264, 0.169370, -1.357345
0, 0.400000, -7.710097, 4.069854, 0.000000
1, 0.400000, -7.914466, 3.850008, -4.377358
0, 0.400000, 22.523236, -3.930146, 0.000000
1, 0.400000, 22.478904, -3.566250, -5.830897
0, 0.400000, -11.443430, 0.069854, 0.000000
1, 0.400000, -11.570192, -0.224159, -0.924332
0, 0.433333, -7.673737, 3.904510, 0.000000
1, 0.433333, -7.499187, 4.595812, -4.768868
0, 0.433333, 22.192929, -4.095490, 0.000000
1, 0.433333, 22.015330, -5.555548, -6.240858
0, 0.433333, -11.540404, -0.095490, 0.000000
1, 0.433333, -11.653600, 0.804451, -1.335944
0, 0.466666, -7.633589, 4.016128, 0.000000
1, 0.466666, -7.235169, 4.079841, -3.881706
0, 0.466666, 21.866411, -3.983872, 0.000000
1, 0.466666, 21.710172, -4.476437, -5.373161
0, 0.466666, -11.633589, 0.016128, 0.000000
1, 0.466666, -11.303070, 0.265530, -0.469941
0, 0.500000, -7.286894, 3.917761, 0.000000
1, 0.500000, -7.069867, 3.876607, -4.488975
0, 0.500000, 21.846439, -4.082239, 0.000000
1, 0.500000, 21.505620, -3.995177, -5.986345
0, 0.500000, -11.420228, -0.082239, 0.000000
1, 0.500000, -11.176276, 0.024722, -1.151384
0, 0.533333, -7.038398, 4.169426, 0.000000
1, 0.533333, -7.106508, 3.741701, -4.373867
0, 0.533333, 21.727713, -3.830574, 0.000000
1, 0.533333, 21.518067, -3.442616, -5.878545
0, 0.533333, -11.303403, 0.170019, 0.000000
1, 0.533333, -11.252228, -0.274791, -1.111512
0, 0.566666, -7.204819, 4.181039, 0.000000
1, 0.566666, -6.874690, 3.822998, -4.112483
0, 0.566666, 21.193514, -3.818961, 0.000000
1, 0.566666, 21.253739, -3.715063, -5.625968
0, 0.566666, -11.599846, 0.182932, 0.000000
1, 0.566666, -11.197974, -0.129566, -0.926395
0, 0.600000, -6.799399, 4.080749, 0.000000
1, 0.600000, -7.181106, 4.103039, -4.593281
0, 0.600000, 21.230601, -3.919251, 0.000000
1, 0.600000, 21.591638, -3.835035, -6.117188
0, 0.600000, -11.322817, 0.084775, 0.000000
1, 0.600000, -11.708309, -0.121172, -1.484447
0, 0.633333, -6.544758, 3.701209, 0.000000
1, 0.633333, -6.910287, 3.657199, -4.642149
0, 0.633333, 21.116352, -4.298791, 0.000000
1, 0.633333, 21.233460, -2.866739, -6.178219
0, 0.633333, -11.194956, -0.291672, 0.000000
1, 0.633333, -11.343670, -0.606250, -1.611500
0, 0.666666, -6.341794, 4.162902, 0.000000
1, 0.666666, -7.171269, 4.189740, -4.185012
0, 0.666666, 20.949872, -3.837098, 0.000000
1, 0.666666, 21.559166, -3.623386, -5.735123
0, 0.666666, -11.117190, 0.174213, 0.000000
1, 0.666666, -11.944459, -0.268479, -1.233404
0, 0.700000, -6.171042, 4.016943, 0.000000
1, 0.700000, -6.493998, 3.670872, -4.064109
0, 0.700000, 20.750624, -3.983057, 0.000000
1, 0.700000, 20.752205, -2.969563, -5.630290
0, 0.700000, -11.070088, 0.033685, 0.000000
1, 0.700000, -11.186577, -0.539214, -1.192310
0, 0.733333, -6.010063, 3.928837, 0.000000
1, 0.733333, -5.946582, 3.835049, -4.495117
0, 0.733333, 20.541048, -4.071163, 0.000000
1, 0.733333, 20.158352, -3.873443, -6.079555
0, 0.733333, -11.031255, -0.047598, 0.000000
1, 0.733333, -10.910975, -0.018285, -1.703788
0, 0.766666, -6.068269, 4.046632, 0.000000
1, 0.766666, -6.050418, 3.952203, -4.368881
0, 0.766666, 20.111731, -3.953368, 0.000000
1, 0.766666, 20.274293, -3.785226, -5.973945
0, 0.766666, -11.210150, 0.078564, 0.000000
1, 0.766666, -11.153953, -0.089724, -1.658564
0, 0.800000, -5.872429, 3.913111, 0.000000
1, 0.800000, -5.927500, 3.743529, -4.353045
0, 0.800000, 19.935904, -4.086889, 0.000000
1, 0.800000, 20.102003, -3.194869, -5.981294
0, 0.800000, -11.133603, -0.044884, 0.000000
1, 0.800000, -11.020674, -0.396766, -1.724139
0, 0.833333, -5.669313, 3.984099, 0.000000
1, 0.833333, -5.973504, 4.235154, -4.091780
0, 0.833333, 19.766798, -4.015901, 0.000000
1, 0.833333, 20.205050, -4.071765, -5.745985
0, 0.833333, -11.048453, 0.038047, 0.000000
1, 0.833333, -11.426514, 0.050493, -1.544527
0, 0.866666, -5.253821, 4.076930, 0.000000
1, 0.866666, -5.230529, 3.985518, -4.347013
0, 0.866666, 19.809511, -3.923070, 0.000000
1, 0.866666, 19.329397, -4.331667, -6.030171
0, 0.866666, -10.749679, 0.144861, 0.000000
1, 0.866666, -10.760756, 0.272698, -1.881480
0, 0.900000, -5.322105, 4.182163, 0.000000
1, 0.900000, -5.449829, 4.248038, -3.749644
0, 0.900000, 19.367894, -3.817837, 0.000000
1, 0.900000, 19.610438, -4.344481, -5.465001
0, 0.900000, -10.933524, 0.266290, 0.000000
1, 0.900000, -11.176769, 0.250389, -1.365702
0, 0.933333, -5.394039, 3.804778, 0.000000
1, 0.933333, -5.333791, 4.035076, -4.558430
0, 0.933333, 18.922070, -4.195222, 0.000000
1, 0.933333, 19.451698, -3.730447, -6.309504
0, 0.933333, -11.119965, -0.092508, 0.000000
1, 0.933333, -11.036234, -0.071104, -2.255741
0, 0.966666, -4.951004, 4.248326, 0.000000
1, 0.966666, -5.220012, 4.364295, -4.355035
0, 0.966666, 18.990662, -3.751674, 0.000000
1, 0.966666, 19.369412, -4.400062, -6.145636
0, 0.966666, -10.790500, 0.372193, 0.000000
1, 0.966666, -11.224079, 0.307247, -2.133032
0, 1.000000, -4.980153, 4.181434, 0.000000
1, 1.000000, -4.796864, 4.315863, -3.535266
0, 1.000000, 18.586512, -3.818566, 0.000000
1, 1.000000, 18.874051, -4.701614, -5.369520
0, 1.000000, -10.932415, 0.329201, 0.000000
1, 1.000000, -10.937199, 0.528467, -1.435254
0, 1.033333, -4.654829, 3.951645, 0.000000
1, 1.033333, -4.608077, 4.103834, -3.758421
0, 1.033333, 18.536281, -4.048355, 0.000000
1, 1.033333, 18.634731, -4.220124, -5.640798
0, 1.033333, -10.717818, 0.124308, 0.000000
1, 1.033333, -10.732926, 0.290786, -1.784700
0, 1.066666, -4.473511, 3.875107, 0.000000
1, 1.066666, -4.269217, 3.942676, -3.842928
0, 1.066666, 18.341487, -4.124893, 0.000000
1, 1.066666, 18.218412, -4.142795, -5.778269
0, 1.066666, -10.645190, 0.073662, 0.000000
1, 1.066666, -10.438102, 0.295333, -2.000153
0, 1.100000, -4.200602, 4.023146, 0.000000
1, 1.100000, -4.543432, 4.224714, -4.131233
0, 1.100000, 18.237730, -3.976854, 0.000000
1, 1.100000, 18.597257, -3.943042, -6.124774
0, 1.100000, -10.478933, 0.248589, 0.000000
1, 1.100000, -10.894301, 0.152765, -2.424440
0, 1.133333, -4.291852, 3.986548, 0.000000
1, 1.133333, -3.945919, 3.982722, -3.596037
0, 1.133333, 17.769257, -4.013452, 0.000000
1, 1.133333, 17.858482, -4.198240, -5.653440
0, 1.133333, -10.674798, 0.239876, 0.000000
1, 1.133333, -10.346468, 0.377538, -2.030671
0, 1.166666, -3.763660, 3.891419, 0.000000
1, 1.166666, -3.930480, 3.990062, -3.981242
0, 1.166666, 17.919671, -4.108581, 0.000000
1, 1.166666, 17.853903, -3.875868, -6.108623
0, 1.166666, -10.249183, 0.173626, 0.000000
1, 1.166666, -10.396488, 0.207272, -2.563183
0, 1.200000, -3.658065, 3.965720, 0.000000
1, 1.200000, -3.369397, 3.502465, -3.853491
0, 1.200000, 17.646932, -4.034280, 0.000000
1, 1.200000, 17.092628, -3.546246, -6.057442
0, 1.200000, -10.244128, 0.277802, 0.000000
1, 1.200000, -9.702963, 0.110713, -2.589077
0, 1.233333, -3.659205, 4.007718, 0.000000
1, 1.233333, -3.821526, 3.771319, -3.096637
0, 1.233333, 17.266904, -3.992282, 0.000000
1, 1.233333, 17.672076, -2.787822, -5.384257
0, 1.233333, -10.343769, 0.350672, 0.000000
1, 1.233333, -10.246585, -0.368221, -1.992691
0, 1.266666, -3.348440, 3.953281, 0.000000
1, 1.266666, -3.787282, 4.652946, -3.038759
0, 1.266666, 17.198224, -4.046719, 0.000000
1, 1.266666, 17.905615, -4.419911, -5.417669
0, 1.266666, -10.129468, 0.328102, 0.000000
1, 1.266666, -10.904779, 0.551193, -2.102603
0, 1.300000, -3.131285, 3.968314, 0.000000
1, 1.300000, -2.646065, 3.713248, -3.032102
0, 1.300000, 17.035379, -4.031686, 0.000000
1, 1.300000, 16.255591, -4.702468, -5.510462
0, 1.300000, -10.006740, 0.375998, 0.000000
1, 1.300000, -9.468831, 0.864818, -2.271573
0, 1.333333, -2.824099, 4.105658, 0.000000
1, 1.333333, -3.114861, 4.463858, -3.529288
0, 1.333333, 16.962009, -3.894342, 0.000000
1, 1.333333, 17.098952, -4.654548, -6.115808
0, 1.333333, -9.791944, 0.547201, 0.000000
1, 1.333333, -10.384911, 0.794527, -2.952746
0, 1.366666, -2.543408, 3.999333, 0.000000
1, 1.366666, -2.960929, 3.932950, -2.992317
0, 1.366666, 16.861589, -4.000667, 0.000000
1, 1.366666, 16.762225, -3.444949, -5.696250
0, 1.366666, -9.601604, 0.475730, 0.000000
1, 1.366666, -9.911086, 0.143752, -2.608638
0, 1.400000, -2.446964, 3.817996, 0.000000
1, 1.400000, -2.832356, 4.234425, -3.034684
0, 1.400000, 16.576366, -4.182004, 0.000000
1, 1.400000, 16.738294, -3.921938, -5.865815
0, 1.400000, -9.593474, 0.330244, 0.000000
1, 1.400000, -10.084666, 0.437033, -2.853243
0, 1.433333, -2.415825, 4.058422, 0.000000
1, 1.433333, -2.460759, 4.351564, -3.023636
0, 1.433333, 16.225282, -3.941578, 0.000000
1, 1.433333, 16.359216, -4.622031, -5.992252
0, 1.433333, -9.648612, 0.607517, 0.000000
1, 1.433333, -9.962097, 0.898863, -3.054276
0, 1.466666, -2.457554, 3.779519, 0.000000
1, 1.466666, -2.153161, 3.740580, -2.466306
0, 1.466666, 15.800776, -4.220481, 0.000000
1, 1.466666, 15.763046, -3.801506, -5.583148
0, 1.466666, -9.774580, 0.366456, 0.000000
1, 1.466666, -9.302844, 0.492470, -2.719288
0, 1.500000, -1.974849, 3.877631, 0.000000
1, 1.500000, -2.306248, 4.305705, -3.274796
0, 1.500000, 15.900147, -4.122369, 0.000000
1, 1.500000, 16.219349, -3.878980, -6.550985
0, 1.500000, -9.374076, 0.503406, 0.000000
1, 1.500000, -9.859413, 0.520546, -3.760719
0, 1.533333, -1.894872, 4.230633, 0.000000
1, 1.533333, -1.625726, 3.402565, -1.937656
0, 1.533333, 15.596234, -3.769367, 0.000000
1, 1.533333, 14.982550, -3.776392, -5.384600
0, 1.533333, -9.374264, 0.896242, 0.000000
1, 1.533333, -8.721092, 0.583614, -2.667364
0, 1.566666, -1.405805, 3.937069, 0.000000
1, 1.566666, -1.641970, 4.277209, -2.264462
0, 1.566666, 15.700857, -4.062931, 0.000000
1, 1.566666, 15.465580, -4.629703, -5.893731
0, 1.566666, -8.963322, 0.643508, 0.000000
1, 1.566666, -9.463175, 1.072457, -3.248911
0, 1.600000, -1.404767, 4.145692, 0.000000
1, 1.600000, -1.646655, 3.710412, -1.939225
0, 1.600000, 15.316894, -3.854308, 0.000000
1, 1.600000, 15.178540, -3.126706, -5.762402
0, 1.600000, -9.038374, 0.893957, 0.000000
1, 1.600000, -8.962168, 0.245436, -3.189331
0, 1.633333, -1.374537, 4.138911, 0.000000
1, 1.633333, -1.263993, 4.018518, -2.083824
0, 1.633333, 14.961568, -3.861089, 0.000000
1, 1.633333, 14.922701, -4.262545, -6.112323
0, 1.633333, -9.082195, 0.929997, 0.000000
1, 1.633333, -9.023809, 0.949913, -3.610278
0, 1.666666, -0.851738, 3.899085, 0.000000
1, 1.666666, -1.284344, 4.437205, -1.777021
0, 1.666666, 15.098256, -4.100915, 0.000000
1, 1.666666, 15.248865, -4.091869, -6.021884
0, 1.666666, -8.631409, 0.733988, 0.000000
1, 1.666666, -9.386558, 0.860577, -3.590077
0, 1.700000, -1.229048, 4.184945, 0.000000
1, 1.700000, -1.089137, 3.960440, -1.538637
0, 1.700000, 14.334280, -3.815055, 0.000000
1, 1.700000, 14.713933, -3.528656, -6.010311
0, 1.700000, -9.078695, 1.064662, 0.000000
1, 1.700000, -8.829752, 0.596494, -3.647884
0, 1.733333, -0.732901, 3.894540, 0.000000
1, 1.733333, -0.746351, 4.400738, -1.070415
0, 1.733333, 14.443204, -4.105460, 0.000000
1, 1.733333, 14.673619, -4.452306, -5.778516
0, 1.733333, -8.650487, 0.820065, 0.000000
1, 1.733333, -9.055091, 1.181139, -3.484534
0, 1.766666, -0.639889, 3.915288, 0.000000
1, 1.766666, -0.643988, 3.997973, -0.760176
0, 1.766666, 14.148438, -4.084712, 0.000000
1, 1.766666, 14.259613, -3.807158, -5.713251
0, 1.766666, -8.623375, 0.887619, 0.000000
1, 1.766666, -8.590747, 0.855690, -3.486693
0, 1.800000, -0.259396, 3.890405, 0.000000
1, 1.800000, -0.503885, 3.584226, -0.688952
0, 1.800000, 14.140597, -4.109595, 0.000000
1, 1.800000, 13.759603, -3.342395, -5.894249
0, 1.800000, -8.306746, 0.910536, 0.000000
1, 1.800000, -8.082191, 0.649422, -3.734002
0, 1.833333, -0.448047, 3.864153, 0.000000
1, 1.833333, -0.313605, 3.835537, -0.267577
0, 1.833333, 13.563057, -4.135847, 0.000000
1, 1.833333, 13.757442, -3.560802, -5.730847
0, 1.833333, -8.557223, 0.933080, 0.000000
1, 1.833333, -8.191194, 0.812912, -3.635693
0, 1.866666, -0.038222, 3.842788, 0.000000
1, 1.866666, -0.190944, 3.766467, -0.598832
0, 1.866666, 13.583437, -4.157212, 0.000000
1, 1.866666, 13.544821, -3.326331, -6.324160
0, 1.866666, -8.207186, 0.961509, 0.000000
1, 1.866666, -8.005017, 0.726503, -4.292766
0, 1.900000, -0.140513, 4.154011, 0.000000
1, 1.900000, 0.352650, 3.691657, -0.054612
0, 1.900000, 13.091146, -3.845989, 0.000000
1, 1.900000, 12.890586, -4.607269, -6.044301
0, 1.900000, -8.367228, 1.323520, 0.000000
1, 1.900000, -7.695467, 1.538331, -4.075206
0, 1.933333, 0.254141, 4.287925, 0.000000
1, 1.933333, 0.163139, 4.075869, 0.793275
0, 1.933333, 13.095244, -3.712075, 0.000000
1, 1.933333, 13.442869, -3.357512, -5.461232
0, 1.933333, -8.028286, 1.509218, 0.000000
1, 1.933333, -8.036966, 0.834411, -3.552835
0, 1.966666, 0.853664, 3.850211, 0.000000
1, 1.966666, 0.467373, 4.284650, 1.058583
0, 1.966666, 13.303655, -4.149789, 0.000000
1, 1.966666, 13.369389, -3.707358, -5.459358
0, 1.966666, -7.482439, 1.124284, 0.000000
1, 1.966666, -8.088685, 1.092091, -3.609898
0, 2.000000, 0.948110, 4.016622, 0.000000
1, 2.000000, 0.765754, 3.458131, 1.196839
0, 2.000000, 13.006434, -3.983378, 0.000000
1, 2.000000, 12.157447, -4.265929, -5.581371
0, 2.000000, -7.439631, 1.344471, 0.000000
1, 2.000000, -7.080487, 1.483502, -3.788913
0, 2.033333, 1.195443, 4.068767, 0.000000
1, 2.033333, 0.907465, 3.705791, 1.323975
0, 2.033333, 12.861544, -3.931233, 0.000000
1, 2.033333, 12.278503, -4.044228, -5.709671
0, 2.033333, -7.241899, 1.451388, 0.000000
1, 2.033333, -7.201230, 1.407406, -3.972084
0, 2.066666, 1.147843, 4.118196, 0.000000
1, 2.066666, 1.188488, 3.833852, 1.524123
0, 2.066666, 12.421167, -3.881804, 0.000000
1, 2.066666, 12.157832, -4.274576, -5.758623
0, 2.066666, -7.337061, 1.556584, 0.000000
1, 2.066666, -7.179853, 1.598730, -4.073558
0, 2.100000, 1.244926, 3.968382, 0.000000
1, 2.100000, 1.394851, 3.706244, 1.951310
0, 2.100000, 12.124916, -4.031618, 0.000000
1, 2.100000, 11.788714, -4.410810, -5.572894
0, 2.100000, -7.285504, 1.463534, 0.000000
1, 2.100000, -6.898135, 1.729584, -3.937758
0, 2.133333, 1.478262, 3.872376, 0.000000
1, 2.133333, 1.390586, 3.851990, 1.954104
0, 2.133333, 11.964363, -4.127624, 0.000000
1, 2.133333, 11.886919, -3.760338, -5.802830
0, 2.133333, -7.095654, 1.425287, 0.000000
1, 2.133333, -6.905118, 1.407947, -4.214756
0, 2.166666, 1.390176, 4.027924, 0.000000
1, 2.166666, 1.674776, 3.599368, 2.013183
0, 2.166666, 11.481832, -3.972076, 0.000000
1, 2.166666, 11.311120, -4.240663, -5.966891
0, 2.166666, -7.225191, 1.639589, 0.000000
1, 2.166666, -6.485429, 1.732916, -4.422708
0, 2.200000, 2.037951, 4.107810, 0.000000
1, 2.200000, 1.805511, 3.906112, 2.270236
0, 2.200000, 11.734606, -3.892190, 0.000000
1, 2.200000, 11.523809, -3.830441, -5.812112
0, 2.200000, -6.616828, 1.779226, 0.000000
1, 2.200000, -6.646489, 1.566964, -4.308305
0, 2.233333, 2.243952, 4.126282, 0.000000
1, 2.233333, 2.125323, 3.988424, 2.485904
0, 2.233333, 11.545644, -3.869916, 0.000000
1, 2.233333, 11.380843, -4.071318, -5.691272
0, 2.233333, -6.447610, 1.862248, 0.000000
1, 2.233333, -6.588142, 1.773797, -4.223942
0, 2.266666, 1.817819, 4.188347, 0.000000
1, 2.266666, 2.429624, 4.221572, 2.800411
0, 2.266666, 10.724659, -3.800248, 0.000000
1, 2.266666, 11.452428, -4.095944, -5.464326
0, 2.266666, -6.907820, 1.993658, 0.000000
1, 2.266666, -6.691712, 1.869436, -4.029142
0, 2.300000, 2.388122, 3.977528, 0.000000
1, 2.300000, 2.351579, 3.940264, 2.324175
0, 2.300000, 10.900295, -3.999665, 0.000000
1, 2.300000, 10.984118, -3.736144, -6.021057
0, 2.300000, -6.368817, 1.856980, 0.000000
1, 2.300000, -6.207630, 1.698122, -4.613203
0, 2.333333, 2.987936, 3.625280, 0.000000
1, 2.333333, 2.404031, 3.907233, 2.963592
0, 2.333333, 11.105702, -4.336719, 0.000000
1, 2.333333, 10.776358, -3.465837, -5.455294
0, 2.333333, -5.797450, 1.583660, 0.000000
1, 2.333333, -5.990674, 1.602036, -4.069411
0, 2.366666, 2.730842, 4.235282, 0.000000
1, 2.366666, 2.777750, 3.844569, 2.755780
0, 2.366666, 10.454533, -3.707734, 0.000000
1, 2.366666, 10.489181, -3.903689, -5.730154
0, 2.366666, -6.080065, 2.277375, 0.000000
1, 2.366666, -5.812919, 1.915009, -4.360271
0, 2.400000, 3.056668, 3.673793, 0.000000
1, 2.400000, 2.532305, 3.611162, 3.423015
0, 2.400000, 10.386692, -4.246461, 0.000000
1, 2.400000, 10.055754, -3.269760, -5.123598
0, 2.400000, -5.776759, 1.804375, 0.000000
1, 2.400000, -5.318532, 1.581725, -3.763059
0, 2.433333, 2.920454, 3.774739, 0.000000
1, 2.433333, 3.179395, 3.716434, 3.151388
0, 2.433333, 9.857291, -4.118980, 0.000000
1, 2.433333, 9.983207, -4.032439, -5.449775
0, 2.433333, -5.932420, 1.998578, 0.000000
1, 2.433333, -5.391464, 2.105314, -4.091154
0, 2.466666, 3.554308, 3.961398, 0.000000
1, 2.466666, 3.365786, 3.262970, 3.625467
0, 2.466666, 10.098513, -3.902023, 0.000000
1, 2.466666, 9.244382, -4.484385, -5.024350
0, 2.466666, -5.314865, 2.283252, 0.000000
1, 2.466666, -4.799051, 2.346801, -3.659362
0, 2.500000, 3.691297, 3.754543, 0.000000
1, 2.500000, 4.136054, 3.918378, 3.724437
0, 2.500000, 9.843498, -4.074831, 0.000000
1, 2.500000, 9.951985, -4.670888, -4.968362
0, 2.500000, -5.190954, 2.179157, 0.000000
1, 2.500000, -5.478591, 2.700101, -3.587762
0, 2.533333, 3.954399, 3.816845, 0.000000
1, 2.533333, 3.816770, 3.814020, 2.814910
0, 2.533333, 9.715295, -3.974744, 0.000000
1, 2.533333, 9.623265, -3.943602, -5.915412
0, 2.533333, -4.937638, 2.348954, 0.000000
1, 2.533333, -5.066445, 2.294002, -4.508889
0, 2.566666, 4.173018, 3.880803, 0.000000
1, 2.566666, 3.819926, 3.545143, 3.017483
0, 2.566666, 9.543382, -3.869279, 0.000000
1, 2.566666, 9.124931, -3.897761, -5.745103
0, 2.566666, -4.725438, 2.525125, 0.000000
1, 2.566666, -4.602665, 2.271369, -4.301160
0, 2.600000, 4.449285, 3.496593, 0.000000
1, 2.600000, 4.264360, 3.839085, 3.652889
0, 2.600000, 9.429963, -4.208274, 0.000000
1, 2.600000, 9.362139, -3.933210, -5.136884
0, 2.600000, -4.452152, 2.257830, 0.000000
1, 2.600000, -4.821721, 2.463761, -3.642726
0, 2.633333, 4.920361, 3.528605, 0.000000
1, 2.633333, 4.625921, 3.509166, 3.900003
0, 2.633333, 9.512271, -4.127357, 0.000000
1, 2.633333, 8.888991, -4.422298, -4.912044
0, 2.633333, -3.980545, 2.411445, 0.000000
1, 2.633333, -4.445763, 2.773483, -3.353454
0, 2.666666, 4.719539, 3.568250, 0.000000
1, 2.666666, 4.315119, 3.616427, 2.449102
0, 2.666666, 8.923670, -4.035135, 0.000000
1, 2.666666, 8.731870, -3.630498, -6.380456
0, 2.666666, -4.177254, 2.577359, 0.000000
1, 2.666666, -4.200928, 2.367873, -4.741679
0, 2.700000, 4.833600, 3.366771, 0.000000
1, 2.700000, 4.877928, 3.532506, 3.512717
0, 2.700000, 8.651013, -4.180386, 0.000000
1, 2.700000, 8.615447, -4.127128, -5.329716
0, 2.700000, -4.055426, 2.506797, 0.000000
1, 2.700000, -4.132254, 2.771772, -3.593361
0, 2.733333, 4.979583, 3.686761, 0.000000
1, 2.733333, 5.016653, 3.639997, 3.055777
0, 2.733333, 8.411410, -3.800539, 0.000000
1, 2.733333, 8.578219, -3.921160, -5.795004
0, 2.733333, -3.897951, 2.962329, 0.000000
1, 2.733333, -4.057993, 2.773590, -3.941960
0, 2.766666, 5.347832, 3.577591, 0.000000
1, 2.766666, 4.828401, 3.322745, 4.326271
0, 2.766666, 8.395276, -3.846244, 0.000000
1, 2.766666, 7.969372, -3.728485, -4.528422
0, 2.766666, -3.514414, 2.993305, 0.000000
1, 2.766666, -3.493949, 2.585499, -2.537820
0, 2.800000, 5.403735, 3.190617, 0.000000
1, 2.800000, 5.780418, 3.681662, 4.291790
0, 2.800000, 8.068067, -4.166169, 0.000000
1, 2.800000, 8.515039, -4.198432, -4.562446
0, 2.800000, -3.439358, 2.751056, 0.000000
1, 2.800000, -3.948073, 3.246712, -2.411668
0, 2.833333, 5.738838, 3.268771, 0.000000
1, 2.833333, 5.548690, 3.408576, 3.489348
0, 2.833333, 8.021402, -4.017409, 0.000000
1, 2.833333, 7.934760, -3.932836, -5.360111
0, 2.833333, -3.081166, 2.978488, 0.000000
1, 2.833333, -3.410831, 3.010010, -3.024884
0, 2.866666, 5.655960, 3.550206, 0.000000
1, 2.866666, 6.043103, 3.407041, 3.326252
0, 2.866666, 7.558166, -3.661837, 0.000000
1, 2.866666, 7.951102, -4.184364, -5.514137
0, 2.866666, -3.136951, 3.413728, 0.000000
1, 2.866666, -3.376559, 3.354946, -2.968718
0, 2.900000, 5.761714, 3.183814, 0.000000
1, 2.900000, 5.878966, 2.763716, 3.569092
0, 2.900000, 7.285042, -3.950589, 0.000000
1, 2.900000, 7.048233, -4.283462, -5.257938
0, 2.900000, -3.000031, 3.205640, 0.000000
1, 2.900000, -2.617479, 3.171354, -2.475428
0, 2.933333, 5.826266, 2.962130, 0.000000
1, 2.933333, 5.965478, 2.623729, 3.252447
0, 2.933333, 6.972264, -4.091160, 0.000000
1, 2.933333, 6.755842, -4.234247, -5.556919
0, 2.933333, -2.900172, 3.146729, 0.000000
1, 2.933333, -2.341238, 3.162607, -2.509710
0, 2.966666, 6.081023, 3.062838, 0.000000
1, 2.966666, 6.046913, 2.588488, 3.495098
0, 2.966666, 6.851307, -3.905897, 0.000000
1, 2.966666, 6.559406, -4.106823, -5.292257
0, 2.966666, -2.605899, 3.414647, 0.000000
1, 2.966666, -2.139941, 3.149321, -1.952648
0, 3.000000, 6.082360, 2.981740, 0.000000
1, 3.000000, 6.288854, 2.996843, 3.030923
0, 3.000000, 6.478611, -3.899030, 0.000000
1, 3.000000, 6.837778, -3.822626, -5.730012
0, 3.000000, -2.560771, 3.505166, 0.000000
1, 3.000000, -2.282103, 3.308525, -2.070958
0, 3.033333, 6.456173, 2.799080, 0.000000
1, 3.033333, 6.559602, 2.598207, 4.381365
0, 3.033333, 6.480140, -3.990347, 0.000000
1, 3.033333, 6.427991, -4.110241, -4.348651
0, 3.033333, -2.138826, 3.498495, 0.000000
1, 3.033333, -1.892391, 3.459382, -0.344655
0, 3.066666, 6.886537, 2.442573, 0.000000
1, 3.066666, 6.831849, 2.645231, 3.296658
0, 3.066666, 6.540034, -4.252170, 0.000000
1, 3.066666, 6.408888, -4.100640, -5.397826
0, 3.066666, -1.655922, 3.322315, 0.000000
1, 3.066666, -1.784917, 3.648385, -1.025906
0, 3.100000, 6.929221, 2.597530, 0.000000
1, 3.100000, 6.820395, 2.858889, 4.130454
0, 3.100000, 6.214126, -3.999224, 0.000000
1, 3.100000, 6.353864, -3.767976, -4.523747
0, 3.100000, -1.556228, 3.661901, 0.000000
1, 3.100000, -1.710960, 3.607253, 0.235583
0, 3.133333, 7.210735, 2.573966, 0.000000
1, 3.133333, 7.410179, 2.468988, 3.529963
0, 3.133333, 6.128992, -3.921529, 0.000000
1, 3.133333, 6.178865, -4.274340, -5.079032
0, 3.133333, -1.213167, 3.827230, 0.000000
1, 3.133333, -1.374505, 4.057396, 0.082788
0, 3.166666, 7.421555, 2.311113, 0.000000
1, 3.166666, 7.251686, 2.701780, 3.873840
0, 3.166666, 5.975169, -4.079894, 0.000000
1, 3.166666, 6.038664, -3.835065, -4.684829
0, 3.166666, -0.936200, 3.757496, 0.000000
1, 3.166666, -1.290041, 3.894988, 0.889412
0, 3.200000, 7.476029, 2.105332, 0.000000
1, 3.200000, 7.440978, 2.366043, 3.883505
0, 3.200000, 5.667069, -4.177996, 0.000000
1, 3.200000, 5.680700, -3.981635, -4.619491
0, 3.200000, -0.810919, 3.749021, 0.000000
1, 3.200000, -0.925506, 3.972861, 0.425704
0, 3.233333, 7.527252, 2.056045, 0.000000
1, 3.233333, 7.977923, 2.420150, 4.055798
0, 3.233333, 5.357848, -4.116454, 0.000000
1, 3.233333, 5.834806, -4.187703, -4.385914
0, 3.233333, -0.677404, 3.870393, 0.000000
1, 3.233333, -0.774658, 4.431877, 0.125449
0, 3.266666, 7.558875, 1.956663, 0.000000
1, 3.266666, 6.942882, 1.656262, 3.815330
0, 3.266666, 5.031220, -4.101899, 0.000000
1, 3.266666, 4.426302, -3.593018, -4.559195
0, 3.266666, -0.555732, 3.914048, 0.000000
1, 3.266666, -0.221737, 3.167354, -0.584963
0, 3.300000, 7.843433, 1.989871, 0.000000
1, 3.300000, 8.443440, 1.970853, 3.987387
0, 3.300000, 4.959777, -3.951691, 0.000000
1, 3.300000, 5.377183, -4.410031, -4.490272
0, 3.300000, -0.177183, 4.062173, 0.000000
1, 3.300000, -0.100245, 4.566290, -0.126109
0, 3.333333, 7.984244, 1.986237, 0.000000
1, 3.333333, 8.389340, 2.003418, 4.231595
0, 3.333333, 4.742336, -3.841388, 0.000000
1, 3.333333, 5.136730, -4.186177, -4.334525
0, 3.333333, 0.057590, 4.170374, 0.000000
1, 3.333333, 0.078049, 4.390993, 0.430415
0, 3.366666, 8.432308, 1.659035, 0.000000
1, 3.366666, 8.253263, 1.759731, 3.335576
0, 3.366666, 4.829956, -4.057762, 0.000000
1, 3.366666, 4.659372, -4.021094, -5.304037
0, 3.366666, 0.599646, 3.951880, 0.000000
1, 3.366666, 0.359844, 4.069457, -0.133384
0, 3.400000, 8.060998, 1.759808, 0.000000
1, 3.400000, 8.264236, 1.683614, 4.321432
0, 3.400000, 4.096073, -3.849309, 0.000000
1, 3.400000, 4.380459, -3.895652, -4.376421
0, 3.400000, 0.322420, 4.158194, 0.000000
1, 3.400000, 0.570405, 3.930683, 1.198551
0, 3.433333, 8.494402, 1.573084, 0.000000
1, 3.433333, 8.178748, 1.367876, 4.671739
0, 3.433333, 4.164834, -3.931545, 0.000000
1, 3.433333, 3.899396, -3.780397, -4.068820
0, 3.433333, 0.850061, 4.073801, 0.000000
1, 3.433333, 0.837992, 3.637818, 1.902671
0, 3.466666, 8.947438, 1.493899, 0.000000
1, 3.466666, 8.622235, 1.860618, 4.495550
0, 3.466666, 4.251221, -3.909471, 0.000000
1, 3.466666, 4.213433, -3.792448, -4.271898
0, 3.466666, 1.397551, 4.093699, 0.000000
1, 3.466666, 0.937221, 4.069517, 2.082175
0, 3.500000, 8.727786, 1.167100, 0.000000
1, 3.500000, 8.895244, 1.212715, 4.641642
0, 3.500000, 3.662977, -4.138280, 0.000000
1, 3.500000, 3.768621, -4.052995, -4.136584
0, 3.500000, 1.272632, 3.862695, 0.000000
1, 3.500000, 1.458269, 4.001746, 2.580570
0, 3.533333, 9.093133, 1.189513, 0.000000
1, 3.533333, 8.858365, 1.167414, 4.707937
0, 3.533333, 3.657854, -4.021183, 0.000000
1, 3.533333, 3.470465, -3.872955, -4.064654
0, 3.533333, 1.733055, 3.977579, 0.000000
1, 3.533333, 1.613552, 3.828258, 2.991306
0, 3.566666, 9.263581, 1.192556, 0.000000
1, 3.566666, 9.845370, 0.925985, 4.576339
0, 3.566666, 3.456018, -3.926798, 0.000000
1, 3.566666, 3.674415, -4.569041, -4.173892
0, 3.566666, 1.998988, 4.069733, 0.000000
1, 3.566666, 2.334068, 4.486437, 3.192742
0, 3.600000, 9.529543, 0.931952, 0.000000
1, 3.600000, 8.901845, 0.713196, 5.621818
0, 3.600000, 3.347947, -4.099437, 0.000000
1, 3.600000, 2.775081, -3.687118, -3.089012
0, 3.600000, 2.360908, 3.894844, 0.000000
1, 3.600000, 2.070927, 3.490477, 4.557256
0, 3.633333, 9.658064, 1.017877, 0.000000
1, 3.633333, 9.442846, 0.768413, 5.386537
0, 3.633333, 3.100754, -3.928957, 0.000000
1, 3.633333, 2.853154, -3.946651, -3.267541
0, 3.633333, 2.585927, 4.063055, 0.000000
1, 3.633333, 2.484198, 3.838614, 4.625330
0, 3.666666, 9.894806, 0.814054, 0.000000
1, 3.666666, 9.827829, 0.859249, 5.554187
0, 3.666666, 2.960166, -4.051667, 0.000000
1, 3.666666, 2.846831, -4.079831, -3.025496
0, 3.666666, 2.919774, 3.938058, 0.000000
1, 3.666666, 2.818147, 4.061409, 5.079770
0, 3.700000, 10.080941, 0.569770, 0.000000
1, 3.700000, 9.834988, -0.074431, 5.143746
0, 3.700000, 2.767423, -4.218311, 0.000000
1, 3.700000, 2.191546, -4.113893, -3.343642
0, 3.700000, 3.203689, 3.769109, 0.000000
1, 3.700000, 3.297203, 3.627817, 4.939335
0, 3.733333, 10.136752, 0.830983, 0.000000
1, 3.733333, 10.100642, 0.638328, 5.108051
0, 3.733333, 2.442877, -3.882961, 0.000000
1, 3.733333, 2.370796, -4.019352, -3.268951
0, 3.733333, 3.358022, 4.102134, 0.000000
1, 3.733333, 3.346036, 3.961419, 5.157158
0, 3.766666, 10.207024, 0.680609, 0.000000
1, 3.766666, 9.942585, 0.139041, 5.408672
0, 3.766666, 2.131381, -3.962729, 0.000000
1, 3.766666, 1.848752, -3.785561, -2.839748
0, 3.766666, 3.527627, 4.020024, 0.000000
1, 3.766666, 3.536822, 3.553911, 5.695486
0, 3.800000, 10.524964, 0.776996, 0.000000
1, 3.800000, 10.451290, 0.331888, 5.239787
0, 3.800000, 2.066209, -3.799294, 0.000000
1, 3.800000, 1.898564, -4.029173, -2.861872
0, 3.800000, 3.945780, 4.181098, 0.000000
1, 3.800000, 3.958349, 3.876287, 5.749435
0, 3.833333, 10.364958, 0.465207, 0.000000
1, 3.833333, 10.931152, 0.507942, 5.749789
0, 3.833333, 1.521820, -4.047617, 0.000000
1, 3.833333, 1.910662, -4.265420, -2.187101
0, 3.833333, 3.886936, 3.930395, 0.000000
1, 3.833333, 4.380142, 4.169061, 6.468487
0, 3.866666, 11.129707, 0.378008, 0.000000
1, 3.866666, 10.680374, 0.161014, 5.293431
0, 3.866666, 1.900982, -4.074958, 0.000000
1, 3.866666, 1.438261, -3.894429, -2.461055
0, 3.866666, 4.753866, 3.900656, 0.000000
1, 3.866666, 4.437986, 3.754038, 6.208564
0, 3.900000, 11.266065, 0.375879, 0.000000
1, 3.900000, 10.887296, 0.130891, 5.732596
0, 3.900000, 1.650623, -4.020860, 0.000000
1, 3.900000, 1.262313, -3.904439, -1.822446
0, 3.900000, 4.993497, 3.952338, 0.000000
1, 3.900000, 4.731630, 3.774460, 6.832732
0, 3.933333, 11.093655, 0.594395, 0.000000
1, 3.933333, 10.974405, 0.056773, 6.258429
0, 3.933333, 1.090434, -3.749767, 0.000000
1, 3.933333, 1.035988, -3.803607, -1.080985
0, 3.933333, 4.925520, 4.220995, 0.000000
1, 3.933333, 4.947493, 3.700767, 7.533295
0, 3.966666, 11.213554, 0.246315, 0.000000
1, 3.966666, 11.532642, 0.143024, 5.270504
0, 3.966666, 0.821564, -4.048942, 0.000000
1, 3.966666, 0.977457, -4.147188, -1.838232
0, 3.966666, 5.151085, 3.919366, 0.000000
1, 3.966666, 5.494207, 3.976687, 6.710935
0, 4.000000, 11.833434, 0.286715, 0.000000
1, 4.000000, 11.715592, 0.328454, 5.986141
0, 4.000000, 1.051759, -3.963327, 0.000000
1, 4.000000, 0.853245, -4.127774, -0.858679
0, 4.000000, 5.877936, 4.002509, 0.000000
1, 4.000000, 5.711019, 4.080965, 7.584005
0, 4.033333, 12.007465, 0.141653, 0.000000
1, 4.033333, 12.330183, 0.447584, 5.484939
0, 4.033333, 0.838591, -4.066881, 0.000000
1, 4.033333, 0.772013, -4.544387, -1.098270
0, 4.033333, 6.160314, 3.896464, 0.000000
1, 4.033333, 6.313523, 4.395068, 7.233059
0, 4.066666, 11.872997, 0.090282, 0.000000
1, 4.066666, 12.268453, -0.131451, 5.388133
0, 4.066666, 0.319485, -4.080468, 0.000000
1, 4.066666, 0.333404, -4.312517, -0.938058
0, 4.066666, 6.135642, 3.880368, 0.000000
1, 4.066666, 6.584026, 3.960986, 7.280203
0, 4.100000, 12.223113, 0.189283, 0.000000
1, 4.100000, 11.800021, -0.067982, 5.940606
0, 4.100000, 0.287597, -3.947419, 0.000000
1, 4.100000, 0.138438, -3.647351, -0.135314
0, 4.100000, 6.597077, 4.010889, 0.000000
1, 4.100000, 6.288267, 3.667314, 7.971106
0, 4.133333, 12.567261, 0.093263, 0.000000
1, 4.133333, 12.291184, 0.569599, 5.725568
0, 4.133333, 0.252446, -4.013143, 0.000000
1, 4.133333, 0.182006, -3.951719, -0.108784
0, 4.133333, 7.054137, 3.942619, 0.000000
1, 4.133333, 6.643684, 4.186935, 7.889687
0, 4.166666, 12.471565, 0.097586, 0.000000
1, 4.166666, 12.460746, 0.263659, 5.814495
0, 4.166666, -0.219771, -3.982284, 0.000000
1, 4.166666, -0.089066, -3.923747, 0.211305
0, 4.166666, 7.073021, 3.970913, 0.000000
1, 4.166666, 7.015829, 4.019583, 8.108053
0, 4.200000, 12.794264, 0.151683, 0.000000
1, 4.200000, 12.226378, 0.185406, 5.832949
0, 4.200000, -0.270739, -3.905425, 0.000000
1, 4.200000, -0.250955, -3.497251, 0.449105
0, 4.200000, 7.512042, 4.045189, 0.000000
1, 4.200000, 6.964469, 3.787585, 8.252331
0, 4.233333, 12.994375, -0.228861, 0.000000
1, 4.233333, 12.479834, 0.154631, 6.044984
0, 4.233333, -0.441369, -4.266986, 0.000000
1, 4.233333, -0.416744, -3.559307, 0.867577
0, 4.233333, 7.830291, 3.681026, 0.000000
1, 4.233333, 7.329659, 3.814184, 8.587072
0, 4.266666, 12.887712, 0.174631, 0.000000
1, 4.266666, 13.519894, -0.020192, 5.591561
0, 4.266666, -0.915773, -3.848300, 0.000000
1, 4.266666, -0.760663, -4.388357, 0.606903
0, 4.266666, 7.843654, 4.097091, 0.000000
1, 4.266666, 8.448935, 4.091975, 8.253680
0, 4.300000, 13.388507, -0.135010, 0.000000
1, 4.300000, 13.056631, -0.885741, 6.051172
0, 4.300000, -0.779645, -4.146540, 0.000000
1, 4.300000, -1.058656, -3.709700, 1.245105
0, 4.300000, 8.466438, 3.796213, 0.000000
1, 4.300000, 8.430783, 3.274145, 8.831036
0, 4.333333, 13.600413, 0.110137, 0.000000
1, 4.333333, 13.578093, -0.399096, 5.841284
0, 4.333333, -0.929258, -3.893789, 0.000000
1, 4.333333, -1.154413, -4.036292, 1.199459
0, 4.333333, 8.802369, 4.046306, 0.000000
1, 4.333333, 8.893518, 3.707083, 8.736954
0, 4.366666, 13.708179, -0.084635, 0.000000
1, 4.366666, 13.616390, -0.351159, 5.856601
0, 4.366666, -1.179788, -4.084759, 0.000000
1, 4.366666, -1.255994, -3.885409, 1.364729
0, 4.366666, 9.036273, 3.852660, 0.000000
1, 4.366666, 9.053928, 3.670367, 8.866441
0, 4.400000, 13.983582, -0.057765, 0.000000
1, 4.400000, 14.003503, -1.013678, 5.371456
0, 4.400000, -1.259386, -4.057889, 0.000000
1, 4.400000, -1.678186, -4.019388, 1.081067
0, 4.400000, 9.439997, 3.876835, 0.000000
1, 4.400000, 9.749032, 3.292530, 8.559651
0, 4.433333, 13.999605, -0.050121, 0.000000
1, 4.433333, 14.401083, -0.817553, 5.664017
0, 4.433333, -1.592807, -4.050245, 0.000000
1, 4.433333, -1.853398, -4.209397, 1.559360
0, 4.433333, 9.588787, 3.881767, 0.000000
1, 4.433333, 10.203161, 3.482800, 9.027271
0, 4.466666, 14.528677, -0.130708, 0.000000
1, 4.466666, 14.349845, 0.473198, 5.330449
0, 4.466666, -1.407625, -4.130832, 0.000000
1, 4.466666, -1.542327, -4.119009, 1.396429
0, 4.466666, 10.255069, 3.798448, 0.000000
1, 4.466666, 9.943308, 4.285294, 8.865761
0, 4.500000, 14.349864, 0.052580, 0.000000
1, 4.500000, 14.245987, -0.206379, 6.180134
0, 4.500000, -1.924772, -3.947544, 0.000000
1, 4.500000, -1.761580, -3.767719, 2.402395
0, 4.500000, 10.217911, 3.978986, 0.000000
1, 4.500000, 10.184996, 3.698676, 9.822641
0, 4.533333, 14.828071, 0.023118, 0.000000
1, 4.533333, 14.792317, 0.057419, 5.234632
0, 4.533333, -1.779343, -3.977006, 0.000000
1, 4.533333, -1.988326, -4.126138, 1.599622
0, 4.533333, 10.839995, 3.946774, 0.000000
1, 4.533333, 10.780810, 4.011006, 8.981092
0, 4.566666, 14.551223, 0.037779, 0.000000
1, 4.566666, 14.600160, 0.150336, 5.138926
0, 4.566666, -2.383413, -3.962345, 0.000000
1, 4.566666, -1.938111, -3.804147, 1.633920
0, 4.566666, 10.709247, 3.958684, 0.000000
1, 4.566666, 10.733031, 3.949852, 8.986421
0, 4.600000, 15.134380, -0.074256, 0.000000
1, 4.600000, 14.980800, -0.258312, 5.261463
0, 4.600000, -2.121924, -4.074380, 0.000000
1, 4.600000, -2.276944, -3.923512, 1.874575
0, 4.600000, 11.440725, 3.843900, 0.000000
1, 4.600000, 11.357409, 3.708792, 9.207363
0, 4.633333, 15.220653, -0.171998, 0.000000
1, 4.633333, 15.187417, -0.474207, 5.521153
0, 4.633333, -2.351762, -4.172122, 0.000000
1, 4.633333, -2.484526, -3.914944, 2.241327
0, 4.633333, 11.677542, 3.743408, 0.000000
1, 4.633333, 11.768718, 3.546401, 9.563080
0, 4.666666, 15.376907, -0.078601, 0.000000
1, 4.666666, 15.532352, -0.716684, 5.432073
0, 4.666666, -2.506065, -4.078725, 0.000000
1, 4.666666, -2.776069, -4.016983, 2.249059
0, 4.666666, 11.986562, 3.834055, 0.000000
1, 4.666666, 12.320185, 3.399889, 9.567877
0, 4.700000, 15.735160, -0.049047, 0.000000
1, 4.700000, 15.918237, 0.184313, 4.707486
0, 4.700000, -2.452812, -4.049171, 0.000000
1, 4.700000, -2.778552, -4.334358, 1.611810
0, 4.700000, 12.499803, 3.860859, 0.000000
1, 4.700000, 12.619674, 4.165602, 8.935216
0, 4.733333, 15.541430, 0.082311, 0.000000
1, 4.733333, 15.730520, 0.465861, 5.629615
0, 4.733333, -2.945987, -3.917813, 0.000000
1, 4.733333, -2.640705, -4.085430, 2.612542
0, 4.733333, 12.463284, 3.989467, 0.000000
1, 4.733333, 12.537738, 4.282168, 9.947497
0, 4.766666, 15.945606, 0.345491, 0.000000
1, 4.766666, 16.120358, -0.063207, 5.348561
0, 4.766666, -2.835701, -3.654633, 0.000000
1, 4.766666, -3.024460, -4.166020, 2.402048
0, 4.766666, 13.026892, 4.249897, 0.000000
1, 4.766666, 13.207967, 3.915795, 9.754979
0, 4.800000, 16.102194, -0.166041, 0.000000
1, 4.800000, 15.977925, -0.157038, 4.919652
0, 4.800000, -2.967446, -4.166165, 0.000000
1, 4.800000, -2.983923, -3.898087, 2.036309
0, 4.800000, 13.345136, 3.735615, 0.000000
1, 4.800000, 13.262795, 3.745935, 9.413133
0, 4.833333, 16.116379, -0.141467, 0.000000
1, 4.833333, 16.227808, -0.528370, 5.168196
0, 4.833333, -3.236039, -4.141591, 0.000000
1, 4.833333, -3.245639, -3.896939, 2.341238
0, 4.833333, 13.523198, 3.757438, 0.000000
1, 4.833333, 13.762891, 3.453060, 9.747393
0, 4.866666, 16.499823, -0.197333, 0.000000
1, 4.866666, 16.252988, -0.184819, 4.903201
0, 4.866666, -3.129818, -4.197457, 0.000000
1, 4.866666, -3.182551, -3.850759, 2.126405
0, 4.866666, 14.072741, 3.698822, 0.000000
1, 4.866666, 13.875300, 3.699534, 9.566880
0, 4.900000, 16.805567, 0.010141, 0.000000
1, 4.900000, 16.057332, -0.148223, 4.710989
0, 4.900000, -3.095741, -3.989983, 0.000000
1, 4.900000, -3.050679, -3.585651, 1.978652
0, 4.900000, 14.546807, 3.903546, 0.000000
1, 4.900000, 13.851086, 3.633532, 9.458020
0, 4.933333, 16.792194, -0.162143, 0.000000
1, 4.933333, 16.441846, 0.643105, 4.524488
0, 4.933333, -3.375225, -4.162267, 0.000000
1, 4.933333, -3.121895, -3.923227, 1.831382
0, 4.933333, 14.703978, 3.728513, 0.000000
1, 4.933333, 14.214802, 4.381153, 9.353831
0, 4.966666, 17.011507, -0.058188, 0.000000
1, 4.966666, 16.520327, 0.153614, 5.046219
0, 4.966666, -3.416469, -4.058312, 0.000000
1, 4.966666, -3.278251, -3.763662, 2.387560
0, 4.966666, 15.096057, 3.829717, 0.000000
1, 4.966666, 14.581143, 3.933901, 9.956918
0, 5.000000, 17.246711, -0.118054, 0.000000
1, 5.000000, 17.017920, -0.183727, 5.047502
0, 5.000000, -3.436265, -4.118178, 0.000000
1, 5.000000, -3.683411, -3.950052, 2.418905
0, 5.000000, 15.506249, 3.767102, 0.000000
1, 5.000000, 15.319925, 3.716537, 10.038675
0, 5.033333, 17.339001, 0.063684, 0.000000
1, 5.033333, 17.611193, 0.331206, 5.113690
0, 5.033333, -3.593420, -3.936440, 0.000000
1, 5.033333, -3.957861, -4.387944, 2.511143
0, 5.033333, 15.775749, 3.946090, 0.000000
1, 5.033333, 15.960652, 4.286645, 10.184526
0, 5.066666, 17.122801, 0.046001, 0.000000
1, 5.066666, 16.979053, 0.055660, 4.604582
0, 5.066666, -4.053509, -3.954123, 0.000000
1, 5.066666, -3.580396, -3.754078, 2.024409
0, 5.066666, 15.738982, 3.925656, 0.000000
1, 5.066666, 15.592944, 3.846399, 9.754328
0, 5.100000, 17.357733, 0.150131, 0.000000
1, 5.100000, 16.955060, -0.649838, 4.078530
0, 5.100000, -4.056912, -3.849993, 0.000000
1, 5.100000, -3.704052, -3.491794, 1.517365
0, 5.100000, 16.155569, 4.027036, 0.000000
1, 5.100000, 15.911753, 3.150040, 9.306491
0, 5.133333, 17.910661, -0.352737, 0.000000
1, 5.133333, 17.879103, -0.524043, 4.699444
0, 5.133333, -3.736762, -4.352861, 0.000000
1, 5.133333, -4.318796, -4.055843, 2.154206
0, 5.133333, 16.892374, 3.521419, 0.000000
1, 5.133333, 16.969801, 3.436608, 10.004975
0, 5.166666, 17.892136, -0.089963, 0.000000
1, 5.166666, 18.008708, -0.060099, 4.218167
0, 5.166666, -3.982510, -4.090087, 0.000000
1, 5.166666, -4.281515, -4.149229, 1.686034
0, 5.166666, 17.059948, 3.781443, 0.000000
1, 5.166666, 17.183761, 3.866251, 9.600670
0, 5.200000, 17.788513, 0.020618, 0.000000
1, 5.200000, 17.879014, -0.447030, 3.452530
0, 5.200000, -4.307800, -3.979506, 0.000000
1, 5.200000, -4.255256, -3.872898, 0.930918
0, 5.200000, 17.144647, 3.889274, 0.000000
1, 5.200000, 17.332667, 3.429567, 8.911449
0, 5.233333, 18.004575, 0.077880, 0.000000
1, 5.233333, 17.901430, -1.023080, 4.104413
0, 5.233333, -4.307850, -3.922244, 0.000000
1, 5.233333, -4.382077, -3.670243, 1.590955
0, 5.233333, 17.551252, 3.943785, 0.000000
1, 5.233333, 17.670829, 2.835434, 9.639232
0, 5.266666, 18.280437, -0.157787, 0.000000
1, 5.266666, 18.245624, 1.364952, 4.032915
0, 5.266666, -4.242543, -4.157911, 0.000000
1, 5.266666, -4.090227, -4.387654, 1.525446
0, 5.266666, 18.019881, 3.705368, 0.000000
1, 5.266666, 17.693678, 5.219498, 9.643152
0, 5.300000, 18.392814, -0.121938, 0.000000
1, 5.300000, 18.545001, 0.855365, 3.921384
0, 5.300000, -4.335167, -4.122062, 0.000000
1, 5.300000, -4.378712, -4.365602, 1.417921
0, 5.300000, 18.327246, 3.738467, 0.000000
1, 5.300000, 18.294293, 4.757325, 9.606590
0, 5.333333, 18.248381, -0.107476, 0.000000
1, 5.333333, 18.349364, 0.276195, 3.333671
0, 5.333333, -4.679045, -4.107600, 0.000000
1, 5.333333, -4.325664, -3.992600, 0.832400
0, 5.333333, 18.380023, 3.750180, 0.000000
1, 5.333333, 18.425572, 4.113223, 9.093427
0, 5.366666, 18.624543, 0.026608, 0.000000
1, 5.366666, 18.235050, -0.052282, 3.959842
0, 5.366666, -4.496773, -3.973516, 0.000000
1, 5.366666, -4.273808, -3.751976, 1.459105
0, 5.366666, 18.955618, 3.881514, 0.000000
1, 5.366666, 18.584167, 3.730534, 9.793756
0, 5.400000, 18.747324, -0.170184, 0.000000
1, 5.400000, 18.900394, 0.233538, 3.380614
0, 5.400000, -4.562326, -4.170308, 0.000000
1, 5.400000, -4.676125, -4.177761, 0.878897
0, 5.400000, 19.280054, 3.681971, 0.000000
1, 5.400000, 19.381532, 4.127677, 9.288320
0, 5.433333, 18.799121, -0.084441, 0.000000
1, 5.433333, 18.739328, 1.156892, 3.966938
0, 5.433333, -4.693307, -4.084565, 0.000000
1, 5.433333, -4.340719, -4.229317, 1.462858
0, 5.433333, 19.535728, 3.764964, 0.000000
1, 5.433333, 19.239532, 5.030829, 9.948092
0, 5.466666, 18.906417, -0.155206, 0.000000
1, 5.466666, 19.204080, 0.827371, 3.837997
0, 5.466666, -4.763234, -4.155330, 0.000000
1, 5.466666, -4.708387, -4.370169, 1.330295
0, 5.466666, 19.849124, 3.691449, 0.000000
1, 5.466666, 19.973732, 4.758637, 9.892278
0, 5.500000, 19.193808, 0.079836, 0.000000
1, 5.500000, 19.422973, -0.185305, 3.677621
0, 5.500000, -4.647510, -3.920288, 0.000000
1, 5.500000, -5.044375, -4.166237, 1.165154
0, 5.500000, 20.344836, 3.923742, 0.000000
1, 5.500000, 20.605399, 3.709529, 9.739338
0, 5.533333, 19.018762, 0.015856, 0.000000
1, 5.533333, 18.983047, 0.153154, 3.825703
0, 5.533333, -4.988668, -3.984268, 0.000000
1, 5.533333, -4.591041, -3.891695, 1.307429
0, 5.533333, 20.378111, 3.857029, 0.000000
1, 5.533333, 20.315583, 3.963507, 9.894453
0, 5.566666, 19.287935, 0.027686, 0.000000
1, 5.566666, 19.070287, 0.246562, 3.712977
0, 5.566666, -4.880051, -3.972438, 0.000000
1, 5.566666, -4.592630, -3.896522, 1.187958
0, 5.566666, 20.855606, 3.866146, 0.000000
1, 5.566666, 20.593040, 4.058747, 9.788389
0, 5.600000, 19.341244, -0.074862, 0.000000
1, 5.600000, 19.573696, -0.501501, 3.617971
0, 5.600000, -4.981742, -4.074986, 0.000000
1, 5.600000, -5.089134, -3.957856, 1.085359
0, 5.600000, 21.117237, 3.760905, 0.000000
1, 5.600000, 21.445814, 3.311950, 9.699697
0, 5.633333, 19.511376, -0.070720, 0.000000
1, 5.633333, 19.710644, 0.657797, 3.527123
0, 5.633333, -4.961056, -4.070844, 0.000000
1, 5.633333, -4.905642, -4.270638, 0.986158
0, 5.633333, 21.495691, 3.762370, 0.000000
1, 5.633333, 21.562498, 4.583884, 9.614841
0, 5.666666, 19.550733, -0.346210, 0.000000
1, 5.666666, 19.519730, 0.729166, 3.317858
0, 5.666666, -5.065588, -4.346334, 0.000000
1, 5.666666, -4.697032, -4.094585, 0.767861
0, 5.666666, 21.743370, 3.484223, 0.000000
1, 5.666666, 21.570727, 4.615905, 9.411266
0, 5.700000, 19.774693, 0.303977, 0.000000
1, 5.700000, 19.334189, -1.212747, 2.968751
0, 5.700000, -4.979962, -3.696147, 0.000000
1, 5.700000, -4.891728, -3.448470, 0.409123
0, 5.700000, 22.175652, 4.131771, 0.000000
1, 5.700000, 21.971659, 2.388527, 9.067567
0, 5.733333, 19.964876, -0.236014, 0.000000
1, 5.733333, 19.625222, 0.609989, 3.005801
0, 5.733333, -4.922557, -4.236139, 0.000000
1, 5.733333, -4.692636, -3.994095, 0.436016
0, 5.733333, 22.574157, 3.589159, 0.000000
1, 5.733333, 22.119195, 4.473233, 9.109763
0, 5.766666, 20.166996, 0.086895, 0.000000
1, 5.766666, 19.865731, 0.333679, 2.823632
0, 5.766666, -4.847660, -3.913229, 0.000000
1, 5.766666, -4.872487, -4.010092, 0.243233
0, 5.766666, 22.984599, 3.909467, 0.000000
1, 5.766666, 22.620683, 4.183846, 8.932492
0, 5.800000, 20.073229, -0.379557, 0.000000
1, 5.800000, 19.764542, -0.333432, 3.092948
0, 5.800000, -5.063094, -4.379681, 0.000000
1, 5.800000, -4.863445, -3.720419, 0.501547
0, 5.800000, 23.099154, 3.440432, 0.000000
1, 5.800000, 22.857886, 3.382876, 9.206477
0, 5.833333, 20.499541, -0.178426, 0.000000
1, 5.833333, 20.569635, 0.400816, 3.383693
0, 5.833333, -4.752894, -4.178550, 0.000000
1, 5.833333, -5.287430, -4.344085, 0.780968
0, 5.833333, 23.733788, 3.638998, 0.000000
1, 5.833333, 23.722656, 4.342779, 9.501673
0, 5.866666, 20.427607, 0.213135, 0.000000
1, 5.866666, 20.339821, 0.287106, 2.455751
0, 5.866666, -4.935384, -3.786989, 0.000000
1, 5.866666, -5.068797, -4.108334, -0.158558
0, 5.866666, 23.870177, 4.028013, 0.000000
1, 5.866666, 23.727350, 4.159504, 8.577979
0, 5.900000, 20.383148, 0.194177, 0.000000
1, 5.900000, 20.469818, 0.382765, 2.520996
0, 5.900000, -5.084844, -3.805947, 0.000000
1, 5.900000, -5.088262, -4.154777, -0.105096
0, 5.900000, 24.034041, 4.006526, 0.000000
1, 5.900000, 24.047363, 4.277608, 8.647281
0, 5.933333, 20.851538, -0.012456, 0.000000
1, 5.933333, 20.523763, 0.985436, 2.576634
0, 5.933333, -4.715899, -4.012580, 0.000000
1, 5.933333, -4.956951, -4.289955, -0.061378
0, 5.933333, 24.710753, 3.797384, 0.000000
1, 5.933333, 24.194355, 4.987753, 8.706796
0, 5.966666, 20.632082, 0.006237, 0.000000
1, 5.966666, 20.070370, 0.650867, 2.746053
0, 5.966666, -5.029244, -3.993887, 0.000000
1, 5.966666, -4.599505, -3.854603, 0.096041
0, 5.966666, 24.699620, 3.813586, 0.000000
1, 5.966666, 24.020405, 4.514859, 8.879924
0, 6.000000, 20.671091, 0.003621, 0.000000
1, 6.000000, 20.488401, -0.419612, 2.461765
0, 6.000000, -5.078569, -3.996503, 0.000000
1, 6.000000, -5.055405, -3.800388, -0.200265
0, 6.000000, 24.946951, 3.808498, 0.000000
1, 6.000000, 24.842608, 3.273172, 8.599184
0, 6.033333, 20.781198, 0.076879, 0.000000
1, 6.033333, 20.619775, -0.350620, 2.528424
0, 6.033333, -5.051241, -3.923245, 0.000000
1, 6.033333, -5.073893, -3.844490, -0.145586
0, 6.033333, 25.265381, 3.879302, 0.000000
1, 6.033333, 25.168956, 3.358121, 8.669242
0, 6.066666, 20.935225, 0.015608, 0.000000
1, 6.066666, 20.347293, 0.376241, 2.497851
0, 6.066666, -4.974436, -3.984516, 0.000000
1, 6.066666, -4.651961, -3.796907, -0.188040
0, 6.066666, 25.627732, 3.815596, 0.000000
1, 6.066666, 24.975159, 4.193336, 8.641924
0, 6.100000, 20.684635, 0.024909, 0.000000
1, 6.100000, 20.264463, -0.385109, 2.387734
0, 6.100000, -5.296694, -3.975215, 0.000000
1, 6.100000, -4.650272, -3.520527, -0.309881
0, 6.100000, 25.585464, 3.822480, 0.000000
1, 6.100000, 25.241582, 3.226316, 8.534929
0, 6.133333, 20.889723, -0.396596, 0.000000
1, 6.133333, 20.704566, -0.169062, 2.038863
0, 6.133333, -5.157717, -4.396720, 0.000000
1, 6.133333, -4.881558, -3.789521, -0.670258
0, 6.133333, 25.998875, 3.398578, 0.000000
1, 6.133333, 25.847104, 3.544556, 8.189053
0, 6.166666, 21.240927, -0.251025, 0.000000
1, 6.166666, 21.007092, 0.098724, 1.983886
0, 6.166666, -4.867069, -4.251149, 0.000000
1, 6.166666, -4.991609, -3.992015, -0.736459
0, 6.166666, 26.558402, 3.541769, 0.000000
1, 6.166666, 26.307257, 3.909225, 8.136952
0, 6.200000, 21.032744, -0.229906, 0.000000
1, 6.200000, 21.220007, 0.885385, 2.470689
0, 6.200000, -5.130253, -4.230031, 0.000000
1, 6.200000, -4.938658, -4.275221, -0.260538
0, 6.200000, 26.558543, 3.560526, 0.000000
1, 6.200000, 26.581343, 4.917640, 8.626517
0, 6.233333, 21.092287, 0.098769, 0.000000
1, 6.233333, 20.752182, -1.216002, 2.221105
0, 6.233333, -5.120156, -3.901355, 0.000000
1, 6.233333, -4.890837, -3.458897, -0.520594
0, 6.233333, 26.826408, 3.886859, 0.000000
1, 6.233333, 26.698753, 2.171803, 8.379587
0, 6.266666, 21.117441, -0.125136, 0.000000
1, 6.266666, 21.353848, 1.084533, 2.107518
0, 6.266666, -5.138891, -4.125260, 0.000000
1, 6.266666, -4.849186, -4.317277, -0.644176
0, 6.266666, 27.059886, 3.660630, 0.000000
1, 6.266666, 27.094906, 5.181214, 8.268553
0, 6.300000, 21.236877, -0.068823, 0.000000
1, 6.300000, 20.885586, 0.109862, 2.396493
0, 6.300000, -5.057788, -4.068947, 0.000000
1, 6.300000, -4.573603, -3.735729, -0.364647
0, 6.300000, 27.387646, 3.714637, 0.000000
1, 6.300000, 27.021002, 3.863072, 8.559983
0, 6.333333, 21.382988, 0.026718, 0.000000
1, 6.333333, 21.707181, -1.340898, 2.652339
0, 6.333333, -4.944456, -3.973406, 0.000000
1, 6.333333, -5.428632, -3.885836, -0.117624
0, 6.333333, 27.742080, 3.807891, 0.000000
1, 6.333333, 28.287049, 2.086653, 8.818193
0, 6.366666, 21.795500, -0.214464, 0.000000
1, 6.366666, 21.646563, 0.262001, 1.676120
0, 6.366666, -4.559167, -4.214588, 0.000000
1, 6.366666, -4.964098, -4.170335, -1.101964
0, 6.366666, 28.362915, 3.564441, 0.000000
1, 6.366666, 28.165950, 4.143224, 7.844251
0, 6.400000, 21.450891, -0.110332, 0.000000
1, 6.400000, 20.718352, -0.579414, 1.674906
0, 6.400000, -4.925443, -4.110457, 0.000000
1, 6.400000, -4.311506, -3.364835, -1.110514
0, 6.400000, 28.226630, 3.666322, 0.000000
1, 6.400000, 27.601155, 2.899067, 7.845230
0, 6.433333, 21.498271, -0.006238, 0.000000
1, 6.433333, 21.015521, 0.364197, 1.917729
0, 6.433333, -4.894174, -4.006362, 0.000000
1, 6.433333, -4.289927, -3.705266, -0.874154
0, 6.433333, 28.482334, 3.768185, 0.000000
1, 6.433333, 27.939434, 4.183568, 8.090169
0, 6.466666, 21.527171, -0.217401, 0.000000
1, 6.466666, 21.602624, -0.092498, 1.865846
0, 6.466666, -4.875831, -4.217525, 0.000000
1, 6.466666, -4.728599, -3.947445, -0.931534
0, 6.466666, 28.719558, 3.554809, 0.000000
1, 6.466666, 28.811514, 3.642333, 8.040326
0, 6.500000, 21.739591, 0.162471, 0.000000
1, 6.500000, 21.882694, 0.912689, 1.053780
0, 6.500000, -4.668412, -3.837653, 0.000000
1, 6.500000, -4.671431, -4.323953, -1.748029
0, 6.500000, 29.140301, 3.932487, 0.000000
1, 6.500000, 29.117255, 5.012585, 7.230229
0, 6.533333, 21.776804, -0.105174, 0.000000
1, 6.533333, 21.845147, -0.363272, 1.230980
0, 6.533333, -4.630644, -4.105298, 0.000000
1, 6.533333, -4.779737, -3.978066, -1.574085
0, 6.533333, 29.385839, 3.662666, 0.000000
1, 6.533333, 29.515273, 3.288618, 7.409328
0, 6.566666, 21.852555, -0.030300, 0.000000
1, 6.566666, 21.264708, -1.071777, 1.799351
0, 6.566666, -4.548782, -4.030424, 0.000000
1, 6.566666, -4.377125, -3.442615, -1.007679
0, 6.566666, 29.669913, 3.735382, 0.000000
1, 6.566666, 29.262575, 2.229936, 7.979535
0, 6.600000, 21.767120, -0.085388, 0.000000
1, 6.600000, 21.451228, 0.604575, 1.156136
0, 6.600000, -4.622551, -4.085512, 0.000000
1, 6.600000, -4.123342, -3.852967, -1.651444
0, 6.600000, 29.792803, 3.678155, 0.000000
1, 6.600000, 29.372259, 4.542824, 7.338093
0, 6.633333, 22.086480, 0.021612, 0.000000
1, 6.633333, 22.100588, 0.238395, 1.307097
0, 6.633333, -4.285970, -3.978512, 0.000000
1, 6.633333, -4.567959, -4.180310, -1.499484
0, 6.633333, 30.320487, 3.783035, 0.000000
1, 6.633333, 30.291795, 4.112633, 7.490769
0, 6.666666, 21.934332, 0.134476, 0.000000
1, 6.666666, 21.577747, 1.330840, 1.349097
0, 6.666666, -4.415340, -3.865648, 0.000000
1, 6.666666, -3.914758, -4.026005, -1.454791
0, 6.666666, 30.376663, 3.893797, 0.000000
1, 6.666666, 29.777667, 5.562299, 7.534427
0, 6.700000, 22.029756, 0.144813, 0.000000
1, 6.700000, 22.137264, -0.092511, 1.442968
0, 6.700000, -4.291583, -3.855311, 0.000000
1, 6.700000, -4.454460, -4.080552, -1.356374
0, 6.700000, 30.680412, 3.902051, 0.000000
1, 6.700000, 30.802555, 3.646283, 7.629902
0, 6.733333, 22.416792, -0.320042, 0.000000
1, 6.733333, 21.050767, -0.377894, 1.208208
0, 6.733333, -3.870659, -4.320166, 0.000000
1, 6.733333, -3.604217, -3.267034, -1.584565
0, 6.733333, 31.275772, 3.435131, 0.000000
1, 6.733333, 29.980761, 3.099653, 7.396695
0, 6.766666, 21.962761, 0.076365, 0.000000
1, 6.766666, 22.372328, 0.547232, 1.243869
0, 6.766666, -4.285246, -3.923759, 0.000000
1, 6.766666, -4.300357, -4.321457, -1.540125
0, 6.766666, 31.030066, 3.829492, 0.000000
1, 6.766666, 31.342024, 4.558063, 7.433859
0, 6.800000, 22.256035, 0.245223, 0.000000
1, 6.800000, 22.264472, -1.103468, 0.807004
0, 6.800000, -3.946973, -3.754901, 0.000000
1, 6.800000, -4.434511, -3.917110, -1.965798
0, 6.800000, 31.531664, 3.996322, 0.000000
1, 6.800000, 31.714208, 2.206274, 6.998451
0, 6.833333, 21.981136, 0.049304, 0.000000
1, 6.833333, 22.527413, 0.749419, 1.135062
0, 6.833333, -4.171317, -3.950820, 0.000000
1, 6.833333, -4.158180, -4.425822, -1.623914
0, 6.833333, 31.465090, 3.798394, 0.000000
1, 6.833333, 31.877102, 4.859171, 7.327921
0, 6.866666, 22.254399, 0.127206, 0.000000
1, 6.866666, 22.202770, 0.781195, 1.240545
0, 6.866666, -3.841943, -3.872918, 0.000000
1, 6.866666, -3.820836, -4.172701, -1.501731
0, 6.866666, 31.946678, 3.874305, 0.000000
1, 6.866666, 31.756770, 4.872577, 7.434771
0, 6.900000, 22.297498, 0.187891, 0.000000
1, 6.900000, 21.953573, -0.000474, 1.331549
0, 6.900000, -3.737178, -3.812233, 0.000000
1, 6.900000, -3.673148, -3.825978, -1.390888
0, 6.900000, 32.198102, 3.933017, 0.000000
1, 6.900000, 31.855903, 3.716441, 7.527101
0, 6.933333, 22.370126, -0.012120, 0.000000
1, 6.933333, 22.285021, -0.690077, 0.478771
0, 6.933333, -3.597329, -4.012244, 0.000000
1, 6.933333, -3.921595, -3.935169, -2.220400
0, 6.933333, 32.479054, 3.731053, 0.000000
1, 6.933333, 32.504751, 2.746992, 6.675611
0, 6.966666, 22.130169, 0.419445, 0.000000
1, 6.966666, 22.207456, 0.151362, 0.813638
0, 6.966666, -3.764508, -3.580680, 0.000000
1, 6.966666, -3.598135, -3.997489, -1.858527
0, 6.966666, 32.447423, 4.160682, 0.000000
1, 6.966666, 32.499260, 3.958587, 7.011728
0, 7.000000, 22.376807, 0.170281, 0.000000
1, 7.000000, 22.144968, 0.939674, 0.007819
0, 7.000000, -3.439538, -3.829844, 0.000000
1, 7.000000, -3.313205, -4.068232, -2.633258
0, 7.000000, 32.902385, 3.909601, 0.000000
1, 7.000000, 32.503720, 5.110350, 6.207121
0, 7.033333, 22.571191, 0.026396, 0.000000
1, 7.033333, 22.322985, 0.411429, 0.075405
0, 7.033333, -3.161265, -3.973728, 0.000000
1, 7.033333, -3.398588, -4.094361, -2.530124
0, 7.033333, 33.305095, 3.763819, 0.000000
1, 7.033333, 32.985872, 4.350562, 6.275885
0, 7.066666, 22.063483, -0.160338, 0.000000
1, 7.066666, 22.040390, 0.162584, 0.308060
0, 7.066666, -3.579529, -4.160462, 0.000000
1, 7.066666, -3.143988, -3.822159, -2.257055
0, 7.066666, 33.005712, 3.575205, 0.000000
1, 7.066666, 32.956642, 3.949436, 6.509684
0, 7.100000, 22.312525, -0.037603, 0.000000
1, 7.100000, 22.042931, -0.944888, 0.375392
0, 7.100000, -3.235488, -4.037727, 0.000000
1, 7.100000, -3.229933, -3.666759, -2.143995
0, 7.100000, 33.463080, 3.696079, 0.000000
1, 7.100000, 33.343533, 2.279472, 6.578129
0, 7.133333, 22.267579, -0.143253, 0.000000
1, 7.133333, 22.583186, 0.811295, 0.528742
0, 7.133333, -3.179880, -4.143377, 0.000000
1, 7.133333, -3.127507, -4.325646, -1.939121
0, 7.133333, 33.626458, 3.588587, 0.000000
1, 7.133333, 33.798110, 4.977783, 6.732559
0, 7.166666, 22.397195, 0.254290, 0.000000
1, 7.166666, 22.214679, 0.886933, 0.118737
0, 7.166666, -2.944153, -3.745835, 0.000000
1, 7.166666, -2.776223, -4.026776, -2.291280
0, 7.166666, 33.964400, 3.984305, 0.000000
1, 7.166666, 33.625023, 5.063497, 6.323605
0, 7.200000, 22.422756, 0.157891, 0.000000
1, 7.200000, 22.763745, -0.117827, -0.227184
0, 7.200000, -2.806925, -3.842233, 0.000000
1, 7.200000, -3.144561, -4.320047, -2.572461
0, 7.200000, 34.198287, 3.886100, 0.000000
1, 7.200000, 34.556218, 3.594332, 5.978708
0, 7.233333, 22.420401, -0.191212, 0.000000
1, 7.233333, 22.285519, 0.518881, -0.108413
0, 7.233333, -2.692059, -4.191336, 0.000000
1, 7.233333, -2.627641, -4.009353, -2.381447
0, 7.233333, 34.404258, 3.535211, 0.000000
1, 7.233333, 34.179946, 4.516258, 6.098474
0, 7.266666, 22.109309, -0.180825, 0.000000
1, 7.266666, 22.147615, -0.139817, 0.186207
0, 7.266666, -2.880374, -4.180949, 0.000000
1, 7.266666, -2.537858, -3.807222, -2.006417
0, 7.266666, 34.301491, 3.543829, 0.000000
1, 7.266666, 34.364164, 3.485040, 6.394064
0, 7.300000, 22.131040, 0.035626, 0.000000
1, 7.300000, 22.472132, 0.612433, -0.124368
0, 7.300000, -2.730310, -3.964498, 0.000000
1, 7.300000, -2.450501, -4.169319, -2.227715
0, 7.300000, 34.531548, 3.758530, 0.000000
1, 7.300000, 34.765614, 4.684375, 6.084432
0, 7.333333, 22.473080, -0.018462, 0.000000
1, 7.333333, 22.531804, 0.029019, 0.118879
0, 7.333333, -2.254382, -4.018586, 0.000000
1, 7.333333, -2.448453, -4.150346, -1.885578
0, 7.333333, 35.081914, 3.702711, 0.000000
1, 7.333333, 35.134872, 3.784454, 6.328598
0, 7.366666, 22.482992, -0.132193, 0.000000
1, 7.366666, 22.675603, -0.345268, 0.065578
0, 7.366666, -2.105026, -4.132317, 0.000000
1, 7.366666, -2.450846, -4.242860, -1.829591
0, 7.366666, 35.300152, 3.587267, 0.000000
1, 7.366666, 35.546662, 3.212247, 6.276192
0, 7.400000, 22.337885, 0.284788, 0.000000
1, 7.400000, 22.286861, 0.324244, 0.223427
0, 7.400000, -2.105133, -3.715336, 0.000000
1, 7.400000, -2.002909, -3.973010, -1.551240
0, 7.400000, 35.363371, 4.002553, 0.000000
1, 7.400000, 35.257354, 4.224366, 6.434915
0, 7.433333, 22.229854, -0.023326, 0.000000
1, 7.433333, 22.103419, -0.647307, -0.135010
0, 7.433333, -2.062610, -4.023450, 0.000000
1, 7.433333, -1.954957, -3.734955, -1.777123
0, 7.433333, 35.463666, 3.692763, 0.000000
1, 7.433333, 35.440910, 2.655506, 6.077329
0, 7.466666, 22.425727, -0.098687, 0.000000
1, 7.466666, 22.511222, -0.282015, -0.402748
0, 7.466666, -1.710626, -4.098811, 0.000000
1, 7.466666, -1.924503, -4.137295, -1.899411
0, 7.466666, 35.867865, 3.615745, 0.000000
1, 7.466666, 35.998140, 3.281915, 5.810421
0, 7.500000, 22.569467, -0.126172, 0.000000
1, 7.500000, 22.167544, -0.971684, -0.217918
0, 7.500000, -1.405220, -4.126296, 0.000000
1, 7.500000, -1.766364, -3.800704, -1.555397
0, 7.500000, 36.219932, 3.586621, 0.000000
1, 7.500000, 35.967626, 2.125731, 6.062316
0, 7.533333, 22.217944, -0.149911, 0.000000
1, 7.533333, 22.721222, 0.728161, -0.625352
0, 7.533333, -1.589522, -4.150035, 0.000000
1, 7.533333, -1.502993, -4.445748, -1.789107
0, 7.533333, 36.078957, 3.561243, 0.000000
1, 7.533333, 36.452691, 4.924306, 5.721940
0, 7.566666, 22.410999, 0.043522, 0.000000
1, 7.566666, 22.189571, 0.541543, -0.463399
0, 7.566666, -1.223690, -3.956602, 0.000000
1, 7.566666, -1.213043, -3.937364, -1.438143
0, 7.566666, 36.484782, 3.753037, 0.000000
1, 7.566666, 36.169435, 4.583269, 5.950945
0, 7.600000, 22.343104, 0.039040, 0.000000
1, 7.600000, 21.754919, 0.123567, -0.992860
0, 7.600000, -1.113252, -3.961084, 0.000000
1, 7.600000, -1.012698, -3.506022, -1.762651
0, 7.600000, 36.631881, 3.746916, 0.000000
1, 7.600000, 36.025383, 3.859909, 5.488531
0, 7.633333, 22.227489, -0.145798, 0.000000
1, 7.633333, 22.588062, -0.035138, -1.343828
0, 7.633333, -1.044978, -4.145922, 0.000000
1, 7.633333, -1.105284, -4.320341, -1.892194
0, 7.633333, 36.733481, 3.560440, 0.000000
1, 7.633333, 37.098199, 3.681784, 5.204603
0, 7.666666, 22.109699, 0.221867, 0.000000
1, 7.666666, 22.635352, -0.288193, -0.667019
0, 7.666666, -0.973325, -3.778257, 0.000000
1, 7.666666, -0.989931, -4.383095, -0.977127
0, 7.666666, 36.835128, 3.926465, 0.000000
1, 7.666666, 37.405269, 3.268887, 5.948446
0, 7.700000, 22.328041, 0.101874, 0.000000
1, 7.700000, 21.746172, -0.400533, -0.645950
0, 7.700000, -0.559984, -3.898250, 0.000000
1, 7.700000, -0.668489, -3.536616, -0.700809
0, 7.700000, 37.275130, 3.804833, 0.000000
1, 7.700000, 36.760359, 2.980989, 6.036543
0, 7.733333, 22.240762, 0.202186, 0.000000
1, 7.733333, 22.193670, -0.649761, -0.744295
0, 7.733333, -0.446708, -3.797939, 0.000000
1, 7.733333, -0.627005, -4.005576, -0.527004
0, 7.733333, 37.411733, 3.903506, 0.000000
1, 7.733333, 37.466434, 2.608130, 6.005221
0, 7.766666, 22.082326, -0.273132, 0.000000
1, 7.766666, 21.663811, -0.264229, -0.942040
0, 7.766666, -0.399033, -4.273256, 0.000000
1, 7.766666, -0.332934, -3.511921, -0.436064
0, 7.766666, 37.479401, 3.426549, 0.000000
1, 7.766666, 37.106641, 3.199638, 5.874493
0, 7.800000, 22.360019, 0.046769, 0.000000
1, 7.800000, 22.351071, -0.315874, -1.264651
0, 7.800000, 0.090326, -3.953355, 0.000000
1, 7.800000, -0.218600, -4.230792, -0.454122
0, 7.800000, 37.985420, 3.744812, 0.000000
1, 7.800000, 38.026398, 3.183702, 5.618894
0, 7.833333, 22.276120, 0.161741, 0.000000
1, 7.833333, 22.044013, -0.147161, -1.851373
0, 7.833333, 0.223648, -3.838383, 0.000000
1, 7.833333, 0.006526, -3.958847, -0.721408
0, 7.833333, 38.132070, 3.858145, 0.000000
1, 7.833333, 37.924473, 3.439218, 5.099178
0, 7.866666, 21.814791, -0.213764, 0.000000
1, 7.866666, 21.620807, -0.822428, -1.034141
0, 7.866666, -0.014903, -4.213888, 0.000000
1, 7.866666, 0.060770, -3.592294, 0.428851
0, 7.866666, 37.903512, 3.481001, 0.000000
1, 7.866666, 37.838770, 2.218132, 5.983412
0, 7.900000, 21.942126, 0.045188, 0.000000
1, 7.900000, 22.076289, -0.584098, -1.809493
0, 7.900000, 0.340764, -3.954936, 0.000000
1, 7.900000, 0.309519, -4.081905, -0.001460
0, 7.900000, 38.265840, 3.738314, 0.000000
1, 7.900000, 38.491839, 2.682874, 5.275056
0, 7.933333, 22.131009, -0.181873, 0.000000
1, 7.933333, 22.390059, 0.033456, -1.616911
0, 7.933333, 0.763535, -4.181997, 0.000000
1, 7.933333, 0.672424, -4.413606, 0.546350
0, 7.933333, 38.691937, 3.509615, 0.000000
1, 7.933333, 38.943503, 3.789574, 5.534629
0, 7.966666, 21.679726, -0.104199, 0.000000
1, 7.966666, 21.615991, -0.675630, -2.416137
0, 7.966666, 0.551697, -4.104323, 0.000000
1, 7.966666, 0.624753, -3.725727, 0.110524
0, 7.966666, 38.480092, 3.585649, 0.000000
1, 7.966666, 38.523914, 2.458844, 4.802390
0, 8.000000, 21.957516, 0.180468, 0.000000
1, 8.000000, 21.685643, 0.380962, -1.219199
0, 8.000000, 1.074486, -3.819656, 0.000000
1, 8.000000, 1.019712, -3.794446, 1.652646
0, 8.000000, 38.999542, 3.868677, 0.000000
1, 8.000000, 38.661466, 4.349562, 6.066309
0, 8.033333, 21.926880, -0.217635, 0.000000
1, 8.033333, 21.528367, 0.567363, -1.908261
0, 8.033333, 1.291071, -4.217759, 0.000000
1, 8.033333, 1.211199, -3.682073, 1.299124
0, 8.033333, 39.212787, 3.468935, 0.000000
1, 8.033333, 38.713239, 4.679860, 5.444224
0, 8.066666, 21.732353, -0.181309, 0.000000
1, 8.066666, 21.633523, -0.527230, -1.482032
0, 8.066666, 1.345988, -4.181433, 0.000000
1, 8.066666, 1.257109, -3.893607, 2.050036
0, 8.066666, 39.264364, 3.503622, 0.000000
1, 8.066666, 39.250433, 2.715690, 5.937426
0, 8.100000, 21.715951, 0.073621, 0.000000
1, 8.100000, 21.270040, 0.203565, -1.094553
0, 8.100000, 1.581251, -3.926503, 0.000000
1, 8.100000, 1.461858, -3.555673, 2.750423
0, 8.100000, 39.496288, 3.756914, 0.000000
1, 8.100000, 39.016749, 4.013736, 6.391873
0, 8.133333, 21.620277, 0.243040, 0.000000
1, 8.133333, 21.284716, 0.532867, -1.703271
0, 8.133333, 1.739466, -3.757084, 0.000000
1, 8.133333, 1.730873, -3.602707, 2.442216
0, 8.133333, 39.651163, 3.924694, 0.000000
1, 8.133333, 39.220398, 4.628636, 5.850118
0, 8.166666, 21.709872, 0.317600, 0.000000
1, 8.166666, 21.799052, -1.104904, -2.236276
0, 8.166666, 2.085172, -3.682524, 0.000000
1, 8.166666, 1.876128, -4.281461, 2.196972
0, 8.166666, 39.993529, 3.997615, 0.000000
1, 8.166666, 40.245657, 1.663351, 5.384072
0, 8.200000, 21.517780, 0.070648, 0.000000
1, 8.200000, 21.858032, 0.322085, -1.850671
0, 8.200000, 2.151412, -3.929476, 0.000000
1, 8.200000, 2.404146, -4.222705, 2.857475
0, 8.200000, 40.056430, 3.749024, 0.000000
1, 8.200000, 40.338872, 4.299933, 5.836632
0, 8.233333, 21.600832, 0.196456, 0.000000
1, 8.233333, 21.984568, -0.309005, -1.188248
0, 8.233333, 2.495019, -3.803668, 0.000000
1, 8.233333, 2.585126, -4.449193, 3.782028
0, 8.233333, 40.396697, 3.873193, 0.000000
1, 8.233333, 40.828896, 3.146817, 6.566005
0, 8.266666, 21.372344, -0.296151, 0.000000
1, 8.266666, 21.084925, -0.309736, -1.550670
0, 8.266666, 2.529308, -4.296275, 0.000000
1, 8.266666, 2.351414, -3.736620, 3.669228
0, 8.266666, 40.427646, 3.378947, 0.000000
1, 8.266666, 40.193156, 3.052790, 6.270530
0, 8.300000, 21.182959, -0.039888, 0.000000
1, 8.300000, 21.793934, -1.061832, -2.267253
0, 8.300000, 2.604922, -4.040012, 0.000000
1, 8.300000, 2.837408, -4.505344, 3.190156
0, 8.300000, 40.499921, 3.633571, 0.000000
1, 8.300000, 41.266936, 1.706881, 5.620889
0, 8.333333, 21.461540, 0.221188, 0.000000
1, 8.333333, 21.113862, 0.466431, -1.928077
0, 8.333333, 3.150725, -3.778936, 0.000000
1, 8.333333, 2.969141, -3.781935, 3.755226
0, 8.333333, 41.042384, 3.893008, 0.000000
1, 8.333333, 40.610005, 4.552571, 6.027004
0, 8.366666, 21.293207, 0.165503, 0.000000
1, 8.366666, 21.093505, 0.198308, -2.059783
0, 8.366666, 3.251836, -3.834621, 0.000000
1, 8.366666, 3.144570, -3.855904, 3.838357
0, 8.366666, 41.140156, 3.835684, 0.000000
1, 8.366666, 40.905801, 4.041726, 5.962233
0, 8.400000, 21.407872, 0.125427, 0.000000
1, 8.400000, 21.323417, -0.036918, -2.259922
0, 8.400000, 3.638167, -3.874697, 0.000000
1, 8.400000, 3.492408, -4.123230, 3.842606
0, 8.400000, 41.523146, 3.793969, 0.000000
1, 8.400000, 41.444454, 3.610285, 5.829025
0, 8.433333, 21.130491, -0.229341, 0.000000
1, 8.433333, 21.070116, -1.752536, -2.283992
0, 8.433333, 3.634674, -4.229465, 0.000000
1, 8.433333, 3.284491, -4.322139, 4.013101
0, 8.433333, 41.516314, 3.437562, 0.000000
1, 8.433333, 41.689909, 0.215990, 5.871882
0, 8.466666, 21.116149, 0.012391, 0.000000
1, 8.466666, 21.555309, -0.092308, -2.337349
0, 8.466666, 3.896443, -3.987733, 0.000000
1, 8.466666, 4.150169, -4.406306, 4.145119
0, 8.466666, 41.774743, 3.677655, 0.000000
1, 8.466666, 42.227572, 3.531281, 5.885448
0, 8.500000, 21.010789, -0.146002, 0.000000
1, 8.500000, 21.021141, 0.034351, -2.256283
0, 8.500000, 4.069415, -4.146126, 0.000000
1, 8.500000, 4.063017, -4.049826, 4.402996
0, 8.500000, 41.944375, 3.517624, 0.000000
1, 8.500000, 41.948420, 3.739011, 6.033434
0, 8.533333, 20.559247, -0.185867, 0.000000
1, 8.533333, 21.085970, -0.253260, -2.710591
0, 8.533333, 3.898428, -4.185991, 0.000000
1, 8.533333, 4.313879, -4.208477, 4.117543
0, 8.533333, 41.770049, 3.476120, 0.000000
1, 8.533333, 42.338625, 3.173261, 5.646043
0, 8.566666, 20.808454, 0.118610, 0.000000
1, 8.566666, 20.844198, -1.723037, -2.595220
0, 8.566666, 4.430412, -3.881514, 0.000000
1, 8.566666, 4.149091, -4.449297, 4.394393
0, 8.566666, 42.298693, 3.778958, 0.000000
1, 8.566666, 42.563411, 0.166182, 5.828327
0, 8.600000, 20.612264, 0.082066, 0.000000
1, 8.600000, 20.428490, 0.142107, -2.879481
0, 8.600000, 4.519221, -3.918058, 0.000000
1, 8.600000, 4.427226, -3.796064, 4.264792
0, 8.600000, 42.384163, 3.740775, 0.000000
1, 8.600000, 42.175567, 3.929389, 5.610976
0, 8.633333, 20.610246, 0.149691, 0.000000
1, 8.633333, 20.793827, -0.825235, -2.713276
0, 8.633333, 4.804425, -3.850433, 0.000000
1, 8.633333, 4.789265, -4.324201, 4.579358
0, 8.633333, 42.666026, 3.806761, 0.000000
1, 8.633333, 42.977244, 1.971668, 5.844086
0, 8.666666, 20.382424, 0.290529, 0.000000
1, 8.666666, 20.226952, -0.821404, -2.385774
0, 8.666666, 4.866046, -3.709595, 0.000000
1, 8.666666, 4.627654, -4.020736, 5.049413
0, 8.666666, 42.724309, 3.945960, 0.000000
1, 8.666666, 42.698822, 1.901140, 6.238491
0, 8.700000, 20.575654, 0.201407, 0.000000
1, 8.700000, 20.293186, -0.104164, -2.691060
0, 8.700000, 5.350942, -3.798717, 0.000000
1, 8.700000, 5.075746, -3.946118, 4.881324
0, 8.700000, 43.205865, 3.855199, 0.000000
1, 8.700000, 42.942288, 3.422186, 6.000105
0, 8.733333, 20.164675, 0.135183, 0.000000
1, 8.733333, 20.597708, -1.039977, -2.458296
0, 8.733333, 5.233852, -3.864941, 0.000000
1, 8.733333, 5.417839, -4.453385, 5.246355
0, 8.733333, 43.085435, 3.787337, 0.000000
1, 8.733333, 43.673692, 1.476279, 6.299766
0, 8.766666, 20.480185, -0.183264, 0.000000
1, 8.766666, 20.304446, -0.050598, -2.608831
0, 8.766666, 5.845472, -4.183388, 0.000000
1, 8.766666, 5.646681, -4.054699, 5.223544
0, 8.766666, 43.693715, 3.467250, 0.000000
1, 8.766666, 43.526793, 3.547761, 6.216124
0, 8.800000, 20.029357, -0.145662, 0.000000
1, 8.800000, 20.232103, -0.655935, -2.591766
0, 8.800000, 5.692977, -4.145786, 0.000000
1, 8.800000, 5.752859, -4.249072, 5.364152
0, 8.800000, 43.537881, 3.503213, 0.000000
1, 8.800000, 43.846453, 2.237991, 6.300080
0, 8.833333, 19.846416, -0.030516, 0.000000
1, 8.833333, 20.290786, 0.311634, -3.167816
0, 8.833333, 5.810591, -4.030640, 0.000000
1, 8.833333, 6.276988, -4.046888, 4.907794
0, 8.833333, 43.652155, 3.616721, 0.000000
1, 8.833333, 44.036519, 4.345189, 5.790917
0, 8.866666, 19.765965, 0.003498, 0.000000
1, 8.866666, 20.178116, -0.336068, -2.679856
0, 8.866666, 6.032917, -3.996626, 0.000000
1, 8.866666, 6.338515, -4.240568, 5.511898
0, 8.866666, 43.871141, 3.649095, 0.000000
1, 8.866666, 44.340175, 2.927918, 6.345761
0, 8.900000, 19.934804, -0.416112, 0.000000
1, 8.900000, 19.506244, -0.278310, -3.444933
0, 8.900000, 6.506756, -4.416236, 0.000000
1, 8.900000, 6.073496, -3.917590, 4.859699
0, 8.900000, 44.341640, 3.227847, 0.000000
1, 8.900000, 43.963307, 2.990663, 5.647567
0, 8.933333, 19.765926, 0.146948, 0.000000
1, 8.933333, 19.493994, 0.363272, -3.273498
0, 8.933333, 6.645099, -3.853176, 0.000000
1, 8.933333, 6.480138, -3.764154, 5.140998
0, 8.933333, 44.476643, 3.789268, 0.000000
1, 8.933333, 44.133671, 4.446973, 5.885880
0, 8.966666, 19.505595, 0.351181, 0.000000
1, 8.966666, 19.602728, -0.162098, -3.939998
0, 8.966666, 6.694212, -3.648943, 0.000000
1, 8.966666, 6.759814, -4.052039, 4.581582
0, 8.966666, 44.522416, 3.991862, 0.000000
1, 8.966666, 44.648841, 3.270791, 5.286256
0, 9.000000, 19.506165, -0.223012, 0.000000
1, 9.000000, 19.285504, -0.830010, -3.802570
0, 9.000000, 7.006448, -4.223136, 0.000000
1, 9.000000, 6.655361, -4.192678, 4.823531
0, 9.000000, 44.831313, 3.416030, 0.000000
1, 9.000000, 44.743678, 1.700670, 5.490557
0, 9.033333, 19.271421, 0.155920, 0.000000
1, 9.033333, 19.521162, -1.452082, -3.252959
0, 9.033333, 7.085591, -3.844204, 0.000000
1, 9.033333, 7.041582, -4.627066, 5.475294
0, 9.033333, 44.907117, 3.793324, 0.000000
1, 9.033333, 45.356580, 0.288722, 6.107040
0, 9.066666, 19.174439, -0.016376, 0.000000
1, 9.066666, 19.328024, 0.032926, -3.333666
0, 9.066666, 7.304721, -4.016500, 0.000000
1, 9.066666, 7.458138, -4.015098, 5.494549
0, 9.066666, 45.122906, 3.619389, 0.000000
1, 9.066666, 45.270088, 3.717398, 6.093201
0, 9.100000, 19.100570, -0.138004, 0.000000
1, 9.100000, 18.946179, -0.640847, -3.993542
0, 9.100000, 7.549184, -4.138128, 0.000000
1, 9.100000, 7.291560, -4.158400, 4.932610
0, 9.100000, 45.364030, 3.496121, 0.000000
1, 9.100000, 45.317593, 2.087672, 5.500190
0, 9.133333, 18.969425, 0.014334, 0.000000
1, 9.133333, 19.302457, 0.097709, -3.871544
0, 9.133333, 7.738594, -3.985790, 0.000000
1, 9.133333, 8.062661, -4.083363, 5.150670
0, 9.133333, 45.550100, 3.646820, 0.000000
1, 9.133333, 45.863462, 3.886105, 5.689051
0, 9.166666, 18.784617, -0.308218, 0.000000
1, 9.166666, 18.942114, 0.026739, -4.191990
0, 9.166666, 7.876563, -4.308342, 0.000000
1, 9.166666, 8.036113, -4.003964, 4.924549
0, 9.166666, 45.684730, 3.322630, 0.000000
1, 9.166666, 45.836988, 3.698072, 5.435465
0, 9.200000, 18.813449, 0.315425, 0.000000
1, 9.200000, 18.716539, -0.377596, -3.610582
0, 9.200000, 8.230394, -3.684699, 0.000000
1, 9.200000, 8.061827, -4.136022, 5.598671
0, 9.200000, 46.035221, 3.944634, 0.000000
1, 9.200000, 46.006090, 2.696688, 6.083731
0, 9.233333, 18.448168, 0.082105, 0.000000
1, 9.233333, 18.366757, -0.732731, -4.429798
0, 9.233333, 8.192334, -3.918019, 0.000000
1, 9.233333, 7.990938, -4.203943, 4.870674
0, 9.233333, 45.993822, 3.709675, 0.000000
1, 9.233333, 46.035123, 1.772231, 5.331370
0, 9.266666, 18.483280, 0.115736, 0.000000
1, 9.266666, 18.249576, 0.451358, -4.149141
0, 9.266666, 8.556890, -3.884388, 0.000000
1, 9.266666, 8.447558, -3.677937, 5.241162
0, 9.266666, 46.355038, 3.741667, 0.000000
1, 9.266666, 46.024537, 4.744019, 5.678881
0, 9.300000, 18.319372, 0.082196, 0.000000
1, 9.300000, 18.121450, -1.035354, -4.022888
0, 9.300000, 8.724648, -3.917928, 0.000000
1, 9.300000, 8.341714, -4.382170, 5.455954
0, 9.300000, 46.519456, 3.706488, 0.000000
1, 9.300000, 46.482021, 0.955373, 5.871985
0, 9.333333, 17.960718, -0.187396, 0.000000
1, 9.333333, 18.393635, 0.819693, -3.938299
0, 9.333333, 8.699882, -4.187520, 0.000000
1, 9.333333, 9.309760, -3.650572, 5.627880
0, 9.333333, 46.491351, 3.435257, 0.000000
1, 9.333333, 46.733764, 5.720368, 6.023422
0, 9.366666, 18.105104, -0.079751, 0.000000
1, 9.366666, 17.984443, -0.184793, -4.214452
0, 9.366666, 9.180379, -4.079875, 0.000000
1, 9.366666, 9.031186, -4.037521, 5.437944
0, 9.366666, 46.968507, 3.541264, 0.000000
1, 9.366666, 46.883852, 3.128565, 5.814115
0, 9.400000, 18.054753, 0.096120, 0.000000
1, 9.400000, 18.216507, -0.117553, -4.323562
0, 9.400000, 9.468361, -3.904004, 0.000000
1, 9.400000, 9.585465, -4.152268, 5.414009
0, 9.400000, 47.253149, 3.715496, 0.000000
1, 9.400000, 47.437113, 3.330763, 5.771849
0, 9.433333, 17.816780, -0.183317, 0.000000
1, 9.433333, 17.970945, 0.561042, -4.508095
0, 9.433333, 9.570942, -4.183441, 0.000000
1, 9.433333, 9.845227, -3.746175, 5.313676
0, 9.433333, 47.352391, 3.434419, 0.000000
1, 9.433333, 47.378611, 5.108622, 5.654158
0, 9.466666, 17.580268, 0.049165, 0.000000
1, 9.466666, 17.288156, -0.713395, -4.583014
0, 9.466666, 9.677207, -3.950959, 0.000000
1, 9.466666, 9.262750, -4.234346, 5.322049
0, 9.466666, 47.455316, 3.665262, 0.000000
1, 9.466666, 47.286809, 1.637326, 5.646079
0, 9.500000, 17.403385, -0.212821, 0.000000
1, 9.500000, 17.466810, 0.266915, -4.391671
0, 9.500000, 9.845324, -4.212945, 0.000000
1, 9.500000, 9.976594, -3.814955, 5.595832
0, 9.500000, 47.620094, 3.401637, 0.000000
1, 9.500000, 47.625149, 4.335711, 5.904259
0, 9.533333, 17.329657, 0.275123, 0.000000
1, 9.533333, 17.598206, -0.470049, -4.203017
0, 9.533333, 10.118817, -3.725001, 0.000000
1, 9.533333, 10.267853, -4.346486, 5.866132
0, 9.533333, 47.890247, 3.887942, 0.000000
1, 9.533333, 48.244226, 2.339834, 6.159749
0, 9.566666, 17.288542, -0.037121, 0.000000
1, 9.566666, 17.374066, 0.419474, -4.533878
0, 9.566666, 10.427146, -4.037245, 0.000000
1, 9.566666, 10.604361, -3.787498, 5.616172
0, 9.566666, 48.195237, 3.574059, 0.000000
1, 9.566666, 48.184083, 4.784158, 5.895721
0, 9.600000, 17.018008, 0.013980, 0.000000
1, 9.600000, 17.528493, 0.531721, -4.750650
0, 9.600000, 10.508278, -3.986144, 0.000000
1, 9.600000, 11.120105, -3.815368, 5.479603
0, 9.600000, 48.273029, 3.623522, 0.000000
1, 9.600000, 48.657586, 5.118768, 5.745780
0, 9.633333, 16.751754, 0.000991, 0.000000
1, 9.633333, 16.903468, 0.308792, -4.803667
0, 9.633333, 10.595912, -3.999133, 0.000000
1, 9.633333, 10.824453, -3.785800, 5.506135
0, 9.633333, 48.357322, 3.608894, 0.000000
1, 9.633333, 48.438100, 4.489470, 5.759593
0, 9.666666, 16.842044, 0.042832, 0.000000
1, 9.666666, 17.032288, -0.605174, -4.411143
0, 9.666666, 11.042313, -3.957292, 0.000000
1, 9.666666, 11.076553, -4.479377, 5.977594
0, 9.666666, 48.800384, 3.649096, 0.000000
1, 9.666666, 49.098520, 1.881744, 6.218944
0, 9.700000, 16.681460, -0.054067, 0.000000
1, 9.700000, 17.042440, 0.016333, -4.764396
0, 9.700000, 11.240061, -4.054191, 0.000000
1, 9.700000, 11.581610, -4.123885, 5.702699
0, 9.700000, 48.994793, 3.550558, 0.000000
1, 9.700000, 49.351219, 3.681134, 5.932517
0, 9.733333, 16.515645, -0.094193, 0.000000
1, 9.733333, 16.199320, 0.396301, -5.019672
0, 9.733333, 11.434801, -4.094317, 0.000000
1, 9.733333, 11.231154, -3.634898, 5.525238
0, 9.733333, 49.186193, 3.508793, 0.000000
1, 9.733333, 48.773246, 4.776780, 5.744065
0, 9.766666, 16.494223, 0.064587, 0.000000
1, 9.766666, 15.970369, -0.024054, -5.365234
0, 9.766666, 11.776156, -3.935537, 0.000000
1, 9.766666, 11.265415, -3.903725, 5.256981
0, 9.766666, 49.524208, 3.665934, 0.000000
1, 9.766666, 49.006651, 3.501987, 5.465325
0, 9.800000, 16.221612, -0.033501, 0.000000
1, 9.800000, 16.228240, 0.017461, -5.000478
0, 9.800000, 11.868544, -4.033625, 0.000000
1, 9.800000, 11.875493, -4.011460, 5.698561
0, 9.800000, 49.613256, 3.566208, 0.000000
1, 9.800000, 49.615816, 3.658290, 5.896901
0, 9.833333, 15.971137, -0.054865, 0.000000
1, 9.833333, 16.238941, -0.022269, -4.886252
0, 9.833333, 11.985291, -4.054989, 0.000000
1, 9.833333, 12.234481, -4.096925, 5.889158
0, 9.833333, 49.726664, 3.543204, 0.000000
1, 9.833333, 49.998762, 3.547508, 6.077945
0, 9.866666, 16.083780, -0.131391, 0.000000
1, 9.866666, 15.829516, -0.253996, -5.209477
0, 9.866666, 12.467378, -4.131515, 0.000000
1, 9.866666, 12.148540, -4.200272, 5.641876
0, 9.866666, 50.205411, 3.465040, 0.000000
1, 9.866666, 50.004457, 2.795357, 5.821535
0, 9.900000, 15.645518, -0.013556, 0.000000
1, 9.900000, 15.769334, -0.406128, -5.338561
0, 9.900000, 12.400781, -4.013680, 0.000000
1, 9.900000, 12.415360, -4.361053, 5.588333
0, 9.900000, 50.135474, 3.581236, 0.000000
1, 9.900000, 50.340336, 2.308519, 5.759266
0, 9.933333, 15.670649, 0.016627, 0.000000
1, 9.933333, 15.988177, -1.092433, -5.116406
0, 9.933333, 12.799800, -3.983497, 0.000000
1, 9.933333, 12.813913, -5.053188, 5.885649
0, 9.933333, 50.531154, 3.609779, 0.000000
1, 9.933333, 51.013827, 0.155183, 6.048234
0, 9.966666, 15.301761, -0.196196, 0.000000
1, 9.966666, 15.268692, -0.169339, -5.920011
0, 9.966666, 12.807023, -4.196320, 0.000000
1, 9.966666, 12.730938, -4.134062, 5.156845
0, 9.966666, 50.535037, 3.395318, 0.000000
1, 9.966666, 50.539699, 3.029157, 5.311440
