sen_ID_lid_rad,time_s,nis
1,0.000000,21.983941
1,0.000000,32.294180
1,0.000000,1.980881
0,0.033333,2.009426
1,0.033333,2.601029
0,0.033333,3.059324
1,0.033333,2.286423
0,0.033333,2.671583
1,0.033333,1.749240
0,0.066666,2.096294
1,0.066666,1.349306
0,0.066666,3.397967
1,0.066666,3.410615
0,0.066666,1.606268
1,0.066666,2.751372
0,0.100000,0.843833
1,0.100000,1.352280
0,0.100000,0.466138
1,0.100000,1.772502
0,0.100000,0.343364
1,0.100000,2.126849
0,0.133333,1.516370
1,0.133333,0.529949
0,0.133333,0.448113
1,0.133333,0.885777
0,0.133333,0.332818
1,0.133333,2.057957
0,0.166666,0.149659
1,0.166666,3.217299
0,0.166666,3.102825
1,0.166666,1.849179
0,0.166666,1.596128
1,0.166666,3.519038
0,0.200000,0.592410
1,0.200000,5.312704
0,0.200000,1.917133
1,0.200000,1.320478
0,0.200000,2.276049
1,0.200000,1.273150
0,0.233333,0.520903
1,0.233333,0.054539
0,0.233333,1.854036
1,0.233333,1.081026
0,0.233333,0.856767
1,0.233333,1.196248
0,0.266666,1.726662
1,0.266666,7.480892
0,0.266666,0.633101
1,0.266666,7.575489
0,0.266666,1.804883
1,0.266666,6.132570
0,0.300000,0.819628
1,0.300000,0.336454
0,0.300000,2.263437
1,0.300000,0.854213
0,0.300000,0.862351
1,0.300000,1.411082
0,0.333333,1.495592
1,0.333333,3.787498
0,0.333333,0.383064
1,0.333333,4.323504
0,0.333333,1.125350
1,0.333333,4.227792
0,0.366666,6.202372
1,0.366666,3.741471
0,0.366666,4.111179
1,0.366666,2.221448
0,0.366666,4.914008
1,0.366666,2.880604
0,0.400000,3.397512
1,0.400000,0.072938
0,0.400000,1.852507
1,0.400000,0.559299
0,0.400000,2.597601
1,0.400000,1.112834
0,0.433333,0.196958
1,0.433333,8.575120
0,0.433333,0.196972
1,0.433333,6.114219
0,0.433333,0.035231
1,0.433333,2.142556
0,0.466666,0.533226
1,0.466666,3.587878
0,0.466666,0.714490
1,0.466666,4.378162
0,0.466666,1.041796
1,0.466666,4.788763
0,0.500000,0.624394
1,0.500000,1.843402
0,0.500000,0.287073
1,0.500000,0.983426
0,0.500000,0.344083
1,0.500000,2.487716
0,0.533333,2.324409
1,0.533333,1.276951
0,0.533333,1.634260
1,0.533333,0.845198
0,0.533333,3.391041
1,0.533333,1.502424
0,0.566666,2.718258
1,0.566666,0.795262
0,0.566666,2.216294
1,0.566666,1.004626
0,0.566666,3.236364
1,0.566666,1.592638
0,0.600000,0.196742
1,0.600000,3.266462
0,0.600000,0.420347
1,0.600000,2.213185
0,0.600000,0.385210
1,0.600000,4.721341
0,0.633333,5.075449
1,0.633333,3.773377
0,0.633333,8.330079
1,0.633333,3.679213
0,0.633333,4.204144
1,0.633333,3.354903
0,0.666666,3.014239
1,0.666666,5.572918
0,0.666666,0.829080
1,0.666666,5.677605
0,0.666666,2.909623
1,0.666666,5.937608
0,0.700000,1.313259
1,0.700000,2.849502
0,0.700000,1.381019
1,0.700000,2.519533
0,0.700000,1.312231
1,0.700000,1.108097
0,0.733333,1.359425
1,0.733333,1.551222
0,0.733333,2.575883
1,0.733333,1.589458
0,0.733333,1.253256
1,0.733333,3.890457
0,0.766666,0.430262
1,0.766666,0.258895
0,0.766666,1.217749
1,0.766666,0.109818
0,0.766666,0.508267
1,0.766666,2.193378
0,0.800000,0.220293
1,0.800000,1.278358
0,0.800000,2.285209
1,0.800000,1.477079
0,0.800000,0.253760
1,0.800000,2.264968
0,0.833333,0.072909
1,0.833333,2.071333
0,0.833333,0.756859
1,0.833333,2.009706
0,0.833333,0.055858
1,0.833333,2.884449
0,0.866666,3.026266
1,0.866666,1.351959
0,0.866666,1.286675
1,0.866666,1.448912
0,0.866666,2.810481
1,0.866666,2.977095
0,0.900000,1.562470
1,0.900000,1.891342
0,0.900000,0.411740
1,0.900000,2.946641
0,0.900000,1.691345
1,0.900000,1.908923
0,0.933333,5.021478
1,0.933333,3.392254
0,0.933333,7.862435
1,0.933333,2.765030
0,0.933333,4.316989
1,0.933333,6.828253
0,0.966666,3.027860
1,0.966666,3.434251
0,0.966666,1.142260
1,0.966666,3.150174
0,0.966666,3.190235
1,0.966666,4.944422
0,1.000000,2.794390
1,1.000000,3.256922
0,1.000000,2.508486
1,1.000000,5.902834
0,1.000000,2.683611
1,1.000000,1.677931
0,1.033333,0.463662
1,1.033333,0.116023
0,1.033333,1.294376
1,1.033333,0.750063
0,1.033333,0.404697
1,1.033333,0.487851
0,1.066666,1.277574
1,1.066666,0.626106
0,1.066666,1.671800
1,1.066666,0.393880
0,1.066666,0.866298
1,1.066666,1.840780
0,1.100000,0.267616
1,1.100000,2.888924
0,1.100000,0.030678
1,1.100000,2.564038
0,1.100000,0.515009
1,1.100000,5.849729
0,1.133333,1.452146
1,1.133333,0.695358
0,1.133333,2.544408
1,1.133333,0.683796
0,1.133333,1.190328
1,1.133333,0.952821
0,1.166666,2.067726
1,1.166666,1.040621
0,1.166666,1.162739
1,1.166666,0.925247
0,1.166666,1.866596
1,1.166666,4.220673
0,1.200000,0.457085
1,1.200000,4.742426
0,1.200000,0.142137
1,1.200000,4.593196
0,1.200000,0.518062
1,1.200000,7.482084
0,1.233333,0.345169
1,1.233333,6.234361
0,1.233333,0.604407
1,1.233333,7.874317
0,1.233333,0.635549
1,1.233333,4.398937
0,1.266666,0.305255
1,1.266666,8.404150
0,1.266666,0.114468
1,1.266666,8.195507
0,1.266666,0.281255
1,1.266666,6.361535
0,1.300000,0.638233
1,1.300000,8.052176
0,1.300000,0.025359
1,1.300000,6.507661
0,1.300000,0.744657
1,1.300000,8.125651
0,1.333333,2.079971
1,1.333333,5.028317
0,1.333333,1.654077
1,1.333333,5.038872
0,1.333333,3.521517
1,1.333333,9.325836
0,1.366666,3.396255
1,1.366666,1.498263
0,1.366666,2.344953
1,1.366666,1.233077
0,1.366666,4.578116
1,1.366666,1.720957
0,1.400000,3.510772
1,1.400000,1.173438
0,1.400000,1.985029
1,1.400000,1.162518
0,1.400000,2.707089
1,1.400000,2.751683
0,1.433333,0.127613
1,1.433333,2.597364
0,1.433333,0.309302
1,1.433333,2.686679
0,1.433333,1.173925
1,1.433333,5.831554
0,1.466666,4.026673
1,1.466666,1.515896
0,1.466666,3.896263
1,1.466666,1.598195
0,1.466666,1.795366
1,1.466666,1.370929
0,1.500000,1.377097
1,1.500000,6.672108
0,1.500000,0.303401
1,1.500000,7.887234
0,1.500000,1.049990
1,1.500000,13.308749
0,1.533333,2.762733
1,1.533333,7.529638
0,1.533333,3.262725
1,1.533333,7.562418
0,1.533333,5.110415
1,1.533333,5.290009
0,1.566666,4.411481
1,1.566666,1.939274
0,1.566666,3.206511
1,1.566666,1.975685
0,1.566666,4.794266
1,1.566666,4.513167
0,1.600000,1.216220
1,1.600000,4.349196
0,1.600000,1.290078
1,1.600000,3.859701
0,1.600000,2.427944
1,1.600000,4.143221
0,1.633333,0.868088
1,1.633333,1.189356
0,1.633333,0.848710
1,1.633333,1.369478
0,1.633333,1.577660
1,1.633333,4.943694
0,1.666666,4.001530
1,1.666666,2.724960
0,1.666666,3.605978
1,1.666666,2.230820
0,1.666666,4.022370
1,1.666666,5.012516
0,1.700000,4.882610
1,1.700000,1.033238
0,1.700000,5.264023
1,1.700000,0.986509
0,1.700000,5.450866
1,1.700000,3.544537
0,1.733333,0.571507
1,1.733333,2.816148
0,1.733333,1.116031
1,1.733333,2.379743
0,1.733333,0.193304
1,1.733333,3.456732
0,1.766666,0.306182
1,1.766666,0.525584
0,1.766666,0.767796
1,1.766666,0.398978
0,1.766666,0.107529
1,1.766666,0.611447
0,1.800000,1.464755
1,1.800000,3.027143
0,1.800000,1.088729
1,1.800000,3.821971
0,1.800000,1.070222
1,1.800000,4.344081
0,1.833333,2.228797
1,1.833333,1.035871
0,1.833333,3.503787
1,1.833333,1.456880
0,1.833333,2.307645
1,1.833333,1.170857
0,1.866666,0.715020
1,1.866666,2.323227
0,1.866666,0.692594
1,1.866666,5.399506
0,1.866666,0.008344
1,1.866666,8.256626
0,1.900000,3.869303
1,1.900000,6.879996
0,1.900000,4.789779
1,1.900000,3.844532
0,1.900000,8.174145
1,1.900000,8.783772
0,1.933333,5.010117
1,1.933333,4.092516
0,1.933333,3.498139
1,1.933333,5.171365
0,1.933333,6.669289
1,1.933333,1.911569
0,1.966666,7.277166
1,1.966666,3.227555
0,1.966666,6.293007
1,1.966666,2.976747
0,1.966666,4.714879
1,1.966666,1.147207
0,2.000000,3.169206
1,2.000000,5.245717
0,2.000000,1.793852
1,2.000000,4.827407
0,2.000000,2.752156
1,2.000000,5.466704
0,2.033333,3.763069
1,2.033333,0.922908
0,2.033333,2.728413
1,2.033333,1.237559
0,2.033333,3.739995
1,2.033333,2.168004
0,2.066666,0.876624
1,2.066666,0.841045
0,2.066666,0.206413
1,2.066666,1.290889
0,2.066666,1.167868
1,2.066666,2.698825
0,2.100000,0.296113
1,2.100000,2.192640
0,2.100000,0.605602
1,2.100000,2.955151
0,2.100000,0.352675
1,2.100000,3.283314
0,2.133333,0.526123
1,2.133333,0.902612
0,2.133333,0.849763
1,2.133333,0.796810
0,2.133333,0.518863
1,2.133333,2.558301
0,2.166666,4.433587
1,2.166666,2.975271
0,2.166666,4.096326
1,2.166666,2.968958
0,2.166666,4.718388
1,2.166666,7.166155
0,2.200000,1.967321
1,2.200000,0.544907
0,2.200000,1.752396
1,2.200000,0.255471
0,2.200000,1.790796
1,2.200000,1.943888
0,2.233333,2.345924
1,2.233333,0.271756
0,2.233333,1.649968
1,2.233333,0.135276
0,2.233333,2.056157
1,2.233333,0.953654
0,2.266666,10.590423
1,2.266666,1.100722
0,2.266666,9.881410
1,2.266666,2.042191
0,2.266666,12.432407
1,2.266666,1.016306
0,2.300000,0.080796
1,2.300000,3.775090
0,2.300000,0.265171
1,2.300000,1.284928
0,2.300000,0.265845
1,2.300000,5.489694
0,2.333333,11.195481
1,2.333333,1.666591
0,2.333333,11.279306
1,2.333333,2.942955
0,2.333333,7.733794
1,2.333333,1.269823
0,2.366666,3.548612
1,2.366666,1.696351
0,2.366666,3.533595
1,2.366666,0.118197
0,2.366666,7.352793
1,2.366666,1.553480
0,2.400000,3.531787
1,2.400000,5.075352
0,2.400000,3.553806
1,2.400000,8.708157
0,2.400000,0.928771
1,2.400000,5.445563
0,2.433333,3.456219
1,2.433333,1.552854
0,2.433333,4.585257
1,2.433333,0.362882
0,2.433333,3.587698
1,2.433333,2.067501
0,2.466666,2.146293
1,2.466666,11.313676
0,2.466666,1.543652
1,2.466666,9.576407
0,2.466666,3.720508
1,2.466666,12.395034
0,2.500000,1.082077
1,2.500000,6.404742
0,2.500000,0.421646
1,2.500000,5.622408
0,2.500000,0.456583
1,2.500000,6.642176
0,2.533333,0.977220
1,2.533333,7.399178
0,2.533333,1.369488
1,2.533333,4.145756
0,2.533333,1.642199
1,2.533333,6.544035
0,2.566666,1.875413
1,2.566666,4.736788
0,2.566666,2.332313
1,2.566666,2.210608
0,2.566666,3.423658
1,2.566666,3.951451
0,2.600000,5.352940
1,2.600000,0.288988
0,2.600000,4.161811
1,2.600000,0.919706
0,2.600000,3.936991
1,2.600000,0.503201
0,2.633333,12.305878
1,2.633333,1.982288
0,2.633333,11.060494
1,2.633333,2.921709
0,2.633333,13.326522
1,2.633333,4.724473
0,2.666666,0.280422
1,2.666666,19.246464
0,2.666666,0.274783
1,2.666666,15.400060
0,2.666666,0.930526
1,2.666666,13.419358
0,2.700000,1.248942
1,2.700000,0.148234
0,2.700000,1.083323
1,2.700000,0.107074
0,2.700000,0.354009
1,2.700000,1.519627
0,2.733333,1.910258
1,2.733333,3.625419
0,2.733333,2.300767
1,2.733333,2.020278
0,2.733333,4.391830
1,2.733333,1.939410
0,2.766666,2.419960
1,2.766666,6.442576
0,2.766666,1.749235
1,2.766666,8.959219
0,2.766666,5.267756
1,2.766666,8.064676
0,2.800000,1.919934
1,2.800000,5.420335
0,2.800000,1.432400
1,2.800000,6.387223
0,2.800000,0.702459
1,2.800000,7.740024
0,2.833333,1.431793
1,2.833333,1.818735
0,2.833333,0.681212
1,2.833333,0.963115
0,2.833333,3.251936
1,2.833333,0.894664
0,2.866666,3.542114
1,2.866666,4.056895
0,2.866666,5.569934
1,2.866666,2.571143
0,2.866666,7.077060
1,2.866666,3.900306
0,2.900000,1.023206
1,2.900000,4.877381
0,2.900000,2.163398
1,2.900000,4.401500
0,2.900000,0.610902
1,2.900000,5.633358
0,2.933333,3.995117
1,2.933333,6.777586
0,2.933333,4.372347
1,2.933333,5.611607
0,2.933333,1.104955
1,2.933333,8.126184
0,2.966666,1.175173
1,2.966666,3.751622
0,2.966666,1.965147
1,2.966666,3.120973
0,2.966666,1.268713
1,2.966666,5.110510
0,3.000000,4.354516
1,3.000000,2.960703
0,3.000000,5.246081
1,3.000000,2.656803
0,3.000000,3.599569
1,3.000000,2.070872
0,3.033333,0.329966
1,3.033333,8.922393
0,3.033333,0.437477
1,3.033333,8.910143
0,3.033333,0.345433
1,3.033333,12.698149
0,3.066666,5.011003
1,3.066666,1.253839
0,3.066666,3.004602
1,3.066666,1.267630
0,3.066666,4.512766
1,3.066666,1.756545
0,3.100000,0.055575
1,3.100000,4.130852
0,3.100000,0.167895
1,3.100000,4.651777
0,3.100000,0.747583
1,3.100000,5.255677
0,3.133333,0.899703
1,3.133333,1.740862
0,3.133333,1.299692
1,3.133333,1.366708
0,3.133333,3.199801
1,3.133333,2.918081
0,3.166666,1.795339
1,3.166666,1.775490
0,3.166666,1.246508
1,3.166666,2.036746
0,3.166666,3.384133
1,3.166666,2.104438
0,3.200000,1.946107
1,3.200000,0.341449
0,3.200000,0.987722
1,3.200000,0.293874
0,3.200000,2.307453
1,3.200000,2.473791
0,3.233333,0.917673
1,3.233333,3.226376
0,3.233333,0.462287
1,3.233333,2.778110
0,3.233333,0.652059
1,3.233333,12.626873
0,3.266666,2.391617
1,3.266666,9.383986
0,3.266666,1.904605
1,3.266666,9.835147
0,3.266666,0.357139
1,3.266666,43.477425
0,3.300000,0.297572
1,3.300000,3.682015
0,3.300000,0.838793
1,3.300000,2.719073
0,3.300000,1.014221
1,3.300000,22.994261
0,3.333333,1.360386
1,3.333333,2.976708
0,3.333333,2.680309
1,3.333333,1.478390
0,3.333333,1.681961
1,3.333333,8.907959
0,3.366666,1.779343
1,3.366666,3.096900
0,3.366666,1.586549
1,3.366666,8.861210
0,3.366666,8.446437
1,3.366666,21.344330
0,3.400000,5.558296
1,3.400000,2.874366
0,3.400000,6.480649
1,3.400000,0.358633
0,3.400000,1.058012
1,3.400000,1.914389
0,3.433333,0.219036
1,3.433333,7.518745
0,3.433333,0.472965
1,3.433333,2.728623
0,3.433333,1.630586
1,3.433333,7.115967
0,3.466666,2.901918
1,3.466666,4.613618
0,3.466666,2.605754
1,3.466666,2.290562
0,3.466666,9.104053
1,3.466666,0.902211
0,3.500000,1.791028
1,3.500000,2.411492
0,3.500000,2.564362
1,3.500000,0.260878
0,3.500000,1.947175
1,3.500000,6.323895
0,3.533333,0.116582
1,3.533333,2.294904
0,3.533333,0.027282
1,3.533333,0.547504
0,3.533333,2.922167
1,3.533333,5.833041
0,3.566666,0.894718
1,3.566666,4.882503
0,3.566666,0.246051
1,3.566666,5.587898
0,3.566666,2.218308
1,3.566666,10.310593
0,3.600000,0.760568
1,3.600000,15.846956
0,3.600000,0.942103
1,3.600000,9.093375
0,3.600000,4.142684
1,3.600000,25.655333
0,3.633333,1.871115
1,3.633333,4.435093
0,3.633333,0.706116
1,3.633333,1.291211
0,3.633333,1.523926
1,3.633333,10.334031
0,3.666666,0.920214
1,3.666666,4.108774
0,3.666666,0.742183
1,3.666666,0.685047
0,3.666666,2.014475
1,3.666666,9.143221
0,3.700000,0.497290
1,3.700000,5.342558
0,3.700000,1.774009
1,3.700000,9.125651
0,3.700000,3.528939
1,3.700000,9.078822
0,3.733333,5.345060
1,3.733333,0.204566
0,3.733333,1.703214
1,3.733333,1.251779
0,3.733333,1.118911
1,3.733333,0.961612
0,3.766666,3.690980
1,3.766666,3.260048
0,3.766666,0.707536
1,3.766666,3.845820
0,3.766666,0.804587
1,3.766666,6.125681
0,3.800000,7.947090
1,3.800000,0.073030
0,3.800000,3.092265
1,3.800000,0.927413
0,3.800000,3.028075
1,3.800000,1.076056
0,3.833333,5.697495
1,3.833333,3.385650
0,3.833333,2.886745
1,3.833333,1.336256
0,3.833333,4.464874
1,3.833333,7.114786
0,3.866666,3.903733
1,3.866666,0.630235
0,3.866666,4.599968
1,3.866666,1.818347
0,3.866666,2.833488
1,3.866666,0.782084
0,3.900000,3.901605
1,3.900000,1.139124
0,3.900000,2.876446
1,3.900000,1.047667
0,3.900000,1.706427
1,3.900000,3.581854
0,3.933333,11.116620
1,3.933333,6.031725
0,3.933333,4.134204
1,3.933333,4.759950
0,3.933333,6.578301
1,3.933333,10.444324
0,3.966666,3.676687
1,3.966666,1.508682
0,3.966666,0.870971
1,3.966666,2.754321
0,3.966666,2.727862
1,3.966666,0.295106
0,4.000000,4.450413
1,4.000000,1.638721
0,4.000000,3.683770
1,4.000000,1.035983
0,4.000000,2.207963
1,4.000000,4.046257
0,4.033333,1.949421
1,4.033333,4.658480
0,4.033333,2.588860
1,4.033333,4.015687
0,4.033333,1.111994
1,4.033333,4.291340
0,4.066666,1.722174
1,4.066666,1.851021
0,4.066666,0.523146
1,4.066666,2.655463
0,4.066666,1.168506
1,4.066666,1.089487
0,4.100000,2.539662
1,4.100000,2.503582
0,4.100000,0.576068
1,4.100000,2.439528
0,4.100000,0.665762
1,4.100000,4.212419
0,4.133333,2.220353
1,4.133333,2.957200
0,4.133333,2.433958
1,4.133333,1.552077
0,4.133333,1.210625
1,4.133333,3.128541
0,4.166666,2.056183
1,4.166666,0.945737
0,4.166666,0.314926
1,4.166666,0.365969
0,4.166666,0.771893
1,4.166666,1.560478
0,4.200000,2.095507
1,4.200000,3.970311
0,4.200000,0.824107
1,4.200000,3.202845
0,4.200000,0.584113
1,4.200000,4.250999
0,4.233333,0.906027
1,4.233333,3.777360
0,4.233333,2.975329
1,4.233333,2.868799
0,4.233333,2.750577
1,4.233333,5.213475
0,4.266666,6.831782
1,4.266666,1.912939
0,4.266666,3.100125
1,4.266666,3.028025
0,4.266666,3.804594
1,4.266666,1.761092
0,4.300000,0.119018
1,4.300000,5.327950
0,4.300000,1.452744
1,4.300000,4.139666
0,4.300000,1.245437
1,4.300000,8.084505
0,4.333333,2.409983
1,4.333333,0.546362
0,4.333333,1.945165
1,4.333333,0.633650
0,4.333333,0.985702
1,4.333333,1.534037
0,4.366666,0.111375
1,4.366666,0.520079
0,4.366666,0.912672
1,4.366666,0.765268
0,4.366666,0.197038
1,4.366666,1.427701
0,4.400000,0.239439
1,4.400000,6.743693
0,4.400000,2.032587
1,4.400000,7.032257
0,4.400000,0.247480
1,4.400000,5.371640
0,4.433333,0.933485
1,4.433333,3.636735
0,4.433333,0.455528
1,4.433333,2.528850
0,4.433333,0.487151
1,4.433333,5.066966
0,4.466666,1.951596
1,4.466666,3.652791
0,4.466666,8.697552
1,4.466666,7.655655
0,4.466666,2.323111
1,4.466666,1.910030
0,4.500000,2.018033
1,4.500000,3.307783
0,4.500000,0.015331
1,4.500000,2.255261
0,4.500000,1.245016
1,4.500000,8.624068
0,4.533333,1.109034
1,4.533333,2.571115
0,4.533333,4.573565
1,4.533333,4.923923
0,4.533333,1.220365
1,4.533333,0.409769
0,4.566666,4.810319
1,4.566666,2.763559
0,4.566666,0.920090
1,4.566666,6.473898
0,4.566666,3.647691
1,4.566666,0.776714
0,4.600000,0.683080
1,4.600000,0.877768
0,4.600000,3.516970
1,4.600000,1.581884
0,4.600000,1.199932
1,4.600000,0.407953
0,4.633333,1.335440
1,4.633333,1.043432
0,4.633333,3.280995
1,4.633333,0.070958
0,4.633333,1.202851
1,4.633333,2.341656
0,4.666666,0.254409
1,4.666666,2.493665
0,4.666666,1.645338
1,4.666666,0.662221
0,4.666666,0.098625
1,4.666666,3.217134
0,4.700000,1.096455
1,4.700000,6.495010
0,4.700000,5.505748
1,4.700000,9.481155
0,4.700000,1.387135
1,4.700000,3.601881
0,4.733333,1.996155
1,4.733333,1.926130
0,4.733333,0.123617
1,4.733333,4.185648
0,4.733333,1.908103
1,4.733333,4.532174
0,4.766666,2.583325
1,4.766666,0.566758
0,4.766666,5.380377
1,4.766666,1.195149
0,4.766666,4.019374
1,4.766666,1.254469
0,4.800000,4.071770
1,4.800000,1.868038
0,4.800000,3.765928
1,4.800000,2.782344
0,4.800000,2.669648
1,4.800000,0.490269
0,4.833333,4.071925
1,4.833333,1.640306
0,4.833333,1.678652
1,4.833333,0.356441
0,4.833333,2.001393
1,4.833333,1.706437
0,4.866666,3.931327
1,4.866666,1.389498
0,4.866666,5.579334
1,4.866666,2.261872
0,4.866666,2.155103
1,4.866666,0.354056
0,4.900000,2.009921
1,4.900000,5.194696
0,4.900000,6.676694
1,4.900000,5.891879
0,4.900000,2.316571
1,4.900000,3.238013
0,4.933333,2.795381
1,4.933333,4.774409
0,4.933333,3.385832
1,4.933333,7.740289
0,4.933333,0.770458
1,4.933333,3.322423
0,4.966666,1.377686
1,4.966666,1.911875
0,4.966666,2.434633
1,4.966666,2.263599
0,4.966666,0.614599
1,4.966666,3.076341
0,5.000000,3.030203
1,5.000000,0.378819
0,5.000000,4.400796
1,5.000000,0.083256
0,5.000000,1.665562
1,5.000000,1.341255
0,5.033333,0.301331
1,5.033333,1.697145
0,5.033333,2.551626
1,5.033333,2.533578
0,5.033333,1.000526
1,5.033333,3.628973
0,5.066666,4.409973
1,5.066666,3.235700
0,5.066666,0.743174
1,5.066666,3.890583
0,5.066666,3.502897
1,5.066666,1.905929
0,5.100000,1.872202
1,5.100000,11.384361
0,5.100000,0.907846
1,5.100000,11.330063
0,5.100000,1.881276
1,5.100000,7.459198
0,5.133333,12.062392
1,5.133333,1.613820
0,5.133333,12.730322
1,5.133333,0.911648
0,5.133333,7.988383
1,5.133333,1.939016
0,5.166666,1.271140
1,5.166666,2.465089
0,5.166666,2.521087
1,5.166666,3.409234
0,5.166666,0.159528
1,5.166666,0.713747
0,5.200000,2.179881
1,5.200000,12.587077
0,5.200000,0.040512
1,5.200000,15.132541
0,5.200000,1.874401
1,5.200000,6.907368
0,5.233333,0.523441
1,5.233333,5.053309
0,5.233333,0.216353
1,5.233333,3.773564
0,5.233333,0.966935
1,5.233333,3.591337
0,5.266666,2.285755
1,5.266666,6.382991
0,5.266666,3.573364
1,5.266666,10.059921
0,5.266666,0.575366
1,5.266666,6.880476
0,5.300000,1.526790
1,5.300000,3.415968
0,5.300000,1.672549
1,5.300000,5.335889
0,5.300000,0.232199
1,5.300000,3.232260
0,5.333333,4.306035
1,5.333333,6.443968
0,5.333333,1.269856
1,5.333333,10.025430
0,5.333333,2.667427
1,5.333333,2.822944
0,5.366666,0.041705
1,5.366666,1.651688
0,5.366666,0.432202
1,5.366666,2.163981
0,5.366666,0.312218
1,5.366666,2.073256
0,5.400000,2.104428
1,5.400000,3.620015
0,5.400000,1.490219
1,5.400000,5.811152
0,5.400000,0.607710
1,5.400000,1.391326
0,5.433333,0.760844
1,5.433333,4.221865
0,5.433333,0.213120
1,5.433333,4.468906
0,5.433333,0.074661
1,5.433333,6.357320
0,5.466666,1.799536
1,5.466666,2.591579
0,5.466666,0.641682
1,5.466666,2.587517
0,5.466666,0.508688
1,5.466666,3.939438
0,5.500000,0.332742
1,5.500000,1.518368
0,5.500000,1.640554
1,5.500000,1.904654
0,5.500000,1.158360
1,5.500000,1.335154
0,5.533333,2.265919
1,5.533333,0.739323
0,5.533333,0.923142
1,5.533333,1.252953
0,5.533333,1.735313
1,5.533333,1.017798
0,5.566666,0.243533
1,5.566666,1.063946
0,5.566666,0.192941
1,5.566666,1.959407
0,5.566666,0.105920
1,5.566666,0.923848
0,5.600000,1.466871
1,5.600000,1.180749
0,5.600000,0.123472
1,5.600000,1.333567
0,5.600000,0.704182
1,5.600000,0.939232
0,5.633333,0.748465
1,5.633333,1.712791
0,5.633333,0.274367
1,5.633333,2.941803
0,5.633333,0.253150
1,5.633333,1.699272
0,5.666666,6.518856
1,5.666666,3.031614
0,5.666666,4.178500
1,5.666666,4.913873
0,5.666666,4.744921
1,5.666666,2.665243
0,5.700000,3.876578
1,5.700000,10.071736
0,5.700000,5.817349
1,5.700000,11.765944
0,5.700000,5.065769
1,5.700000,9.016175
0,5.733333,2.747811
1,5.733333,3.826569
0,5.733333,3.763351
1,5.733333,6.130869
0,5.733333,2.014196
1,5.733333,3.408487
0,5.766666,1.438378
1,5.766666,3.439887
0,5.766666,3.590724
1,5.766666,5.085077
0,5.766666,2.214939
1,5.766666,3.070342
0,5.800000,5.792692
1,5.800000,1.762709
0,5.800000,5.397879
1,5.800000,2.894310
0,5.800000,4.027172
1,5.800000,1.363496
0,5.833333,4.146175
1,5.833333,2.045763
0,5.833333,6.647732
1,5.833333,1.484476
0,5.833333,3.815429
1,5.833333,2.529612
0,5.866666,3.433197
1,5.866666,6.738042
0,5.866666,4.789167
1,5.866666,7.274746
0,5.866666,5.155254
1,5.866666,6.484886
0,5.900000,1.969432
1,5.900000,3.808540
0,5.900000,2.440616
1,5.900000,4.770515
0,5.900000,2.818231
1,5.900000,3.792380
0,5.933333,4.714615
1,5.933333,4.557932
0,5.933333,7.105984
1,5.933333,4.291356
0,5.933333,5.151664
1,5.933333,4.708884
0,5.966666,0.009663
1,5.966666,4.713942
0,5.966666,0.296978
1,5.966666,3.985184
0,5.966666,0.052910
1,5.966666,4.618464
0,6.000000,0.084046
1,6.000000,2.755640
0,6.000000,0.098447
1,6.000000,3.429238
0,6.000000,0.031498
1,6.000000,2.571212
0,6.033333,0.113679
1,6.033333,1.397830
0,6.033333,0.588582
1,6.033333,1.979710
0,6.033333,0.312127
1,6.033333,1.281609
0,6.066666,0.176695
1,6.066666,3.911894
0,6.066666,0.619890
1,6.066666,3.811375
0,6.066666,0.264076
1,6.066666,3.819236
0,6.100000,3.010069
1,6.100000,6.010162
0,6.100000,2.210269
1,6.100000,6.899272
0,6.100000,2.714896
1,6.100000,5.777421
0,6.133333,7.575484
1,6.133333,3.630779
0,6.133333,6.581481
1,6.133333,6.350013
0,6.133333,6.143608
1,6.133333,3.358754
0,6.166666,3.012122
1,6.166666,2.406028
0,6.166666,3.600125
1,6.166666,4.451374
0,6.166666,2.012434
1,6.166666,2.188855
0,6.200000,1.481893
1,6.200000,2.533462
0,6.200000,2.068889
1,6.200000,1.537495
0,6.200000,0.760818
1,6.200000,2.837891
0,6.233333,2.125496
1,6.233333,5.590314
0,6.233333,1.483728
1,6.233333,7.999523
0,6.233333,3.497685
1,6.233333,5.241676
0,6.266666,1.234106
1,6.266666,3.876444
0,6.266666,1.061358
1,6.266666,4.579390
0,6.266666,1.232014
1,6.266666,3.976388
0,6.300000,0.519185
1,6.300000,2.527353
0,6.300000,0.243609
1,6.300000,3.087011
0,6.300000,0.746281
1,6.300000,2.428676
0,6.333333,0.529570
1,6.333333,6.168768
0,6.333333,0.265041
1,6.333333,5.159963
0,6.333333,1.007482
1,6.333333,6.284592
0,6.366666,4.219633
1,6.366666,5.128707
0,6.366666,8.327508
1,6.366666,6.760835
0,6.366666,3.765291
1,6.366666,5.031905
0,6.400000,0.711673
1,6.400000,11.108224
0,6.400000,0.166332
1,6.400000,14.472766
0,6.400000,0.878948
1,6.400000,10.690806
0,6.433333,1.129623
1,6.433333,4.672914
0,6.433333,0.129193
1,6.433333,6.304067
0,6.433333,1.698098
1,6.433333,4.474508
0,6.466666,1.307176
1,6.466666,0.298759
0,6.466666,1.377975
1,6.466666,1.477180
0,6.466666,1.099405
1,6.466666,0.247610
0,6.500000,3.312565
1,6.500000,10.842461
0,6.500000,2.552051
1,6.500000,13.540750
0,6.500000,4.021433
1,6.500000,10.802427
0,6.533333,0.016610
1,6.533333,3.450830
0,6.533333,0.437093
1,6.533333,5.290320
0,6.533333,0.002289
1,6.533333,3.452238
0,6.566666,0.227850
1,6.566666,5.459720
0,6.566666,0.483320
1,6.566666,6.378128
0,6.566666,0.326643
1,6.566666,5.410425
0,6.600000,0.424278
1,6.600000,5.597169
0,6.600000,0.173969
1,6.600000,7.535744
0,6.600000,0.478509
1,6.600000,5.426295
0,6.633333,2.034216
1,6.633333,1.525320
0,6.633333,2.789624
1,6.633333,1.619905
0,6.633333,2.106360
1,6.633333,1.543096
0,6.666666,1.829301
1,6.666666,6.116684
0,6.666666,0.939414
1,6.666666,7.059744
0,6.666666,1.761802
1,6.666666,5.935592
0,6.700000,1.471991
1,6.700000,0.268266
0,6.700000,1.285953
1,6.700000,0.180281
0,6.700000,1.121860
1,6.700000,0.307041
0,6.733333,9.156282
1,6.733333,12.394215
0,6.733333,13.209810
1,6.733333,12.150028
0,6.733333,9.647139
1,6.733333,12.242341
0,6.766666,1.495983
1,6.766666,2.071012
0,6.766666,0.312321
1,6.766666,2.275249
0,6.766666,1.483677
1,6.766666,2.081980
0,6.800000,3.845750
1,6.800000,6.324338
0,6.800000,4.225806
1,6.800000,4.373940
0,6.800000,3.355281
1,6.800000,6.567464
0,6.833333,1.719435
1,6.833333,3.013087
0,6.833333,0.187205
1,6.833333,4.622140
0,6.833333,1.485530
1,6.833333,2.983858
0,6.866666,0.714056
1,6.866666,1.318594
0,6.866666,1.745744
1,6.866666,2.989306
0,6.866666,0.351152
1,6.866666,1.241170
0,6.900000,1.159351
1,6.900000,1.049031
0,6.900000,2.545669
1,6.900000,1.362842
0,6.900000,0.533573
1,6.900000,1.037057
0,6.933333,0.370563
1,6.933333,6.929601
0,6.933333,2.856957
1,6.933333,4.540776
0,6.933333,0.915655
1,6.933333,7.160147
0,6.966666,7.203903
1,6.966666,0.856594
0,6.966666,4.741880
1,6.966666,1.684433
0,6.966666,4.955203
1,6.966666,0.935008
0,7.000000,0.342686
1,7.000000,11.587169
0,7.000000,2.763580
1,7.000000,12.920979
0,7.000000,0.157626
1,7.000000,11.776189
0,7.033333,2.483269
1,7.033333,5.934931
0,7.033333,6.655887
1,7.033333,5.731090
0,7.033333,3.743276
1,7.033333,6.062006
0,7.066666,6.558186
1,7.066666,2.259496
0,7.066666,4.316170
1,7.066666,2.603154
0,7.066666,7.638985
1,7.066666,2.287678
0,7.100000,0.645762
1,7.100000,3.669711
0,7.100000,1.185651
1,7.100000,1.176494
0,7.100000,0.995590
1,7.100000,3.622335
0,7.133333,2.149021
1,7.133333,1.918136
0,7.133333,2.982358
1,7.133333,4.906641
0,7.133333,2.239832
1,7.133333,1.983337
0,7.166666,1.637439
1,7.166666,3.347316
0,7.166666,2.256616
1,7.166666,5.728102
0,7.166666,1.526990
1,7.166666,3.381895
0,7.200000,0.338604
1,7.200000,6.184700
0,7.200000,1.278083
1,7.200000,5.950240
0,7.200000,0.245379
1,7.200000,6.095058
0,7.233333,3.156494
1,7.233333,2.403977
0,7.233333,4.776816
1,7.233333,3.540975
0,7.233333,3.280546
1,7.233333,2.377558
0,7.266666,5.573893
1,7.266666,0.608737
0,7.266666,4.401108
1,7.266666,0.742150
0,7.266666,4.946239
1,7.266666,0.573879
0,7.300000,2.392612
1,7.300000,1.767635
0,7.300000,0.755221
1,7.300000,4.196909
0,7.300000,2.458058
1,7.300000,1.774901
0,7.333333,0.742182
1,7.333333,0.322278
0,7.333333,2.514695
1,7.333333,1.070308
0,7.333333,0.581417
1,7.333333,0.316718
0,7.366666,1.794335
1,7.366666,1.390379
0,7.366666,3.822426
1,7.366666,1.138090
0,7.366666,1.005279
1,7.366666,1.273841
0,7.400000,2.811106
1,7.400000,0.331395
0,7.400000,2.803467
1,7.400000,2.378836
0,7.400000,4.198711
1,7.400000,0.407090
0,7.433333,1.216789
1,7.433333,2.458331
0,7.433333,0.207660
1,7.433333,0.749486
0,7.433333,1.059453
1,7.433333,2.278426
0,7.466666,0.931000
1,7.466666,2.580865
0,7.466666,3.236622
1,7.466666,1.353522
0,7.466666,0.403672
1,7.466666,2.373649
0,7.500000,2.804497
1,7.500000,3.056657
0,7.500000,7.576146
1,7.500000,0.535761
0,7.500000,1.912107
1,7.500000,2.495067
0,7.533333,2.097378
1,7.533333,5.707113
0,7.533333,1.595609
1,7.533333,7.203818
0,7.533333,1.177896
1,7.533333,4.630691
0,7.566666,0.235279
1,7.566666,1.773738
0,7.566666,2.956861
1,7.566666,3.151945
0,7.566666,1.028540
1,7.566666,1.196875
0,7.600000,0.038896
1,7.600000,9.020257
0,7.600000,1.657094
1,7.600000,6.381120
0,7.600000,0.657687
1,7.600000,6.439252
0,7.633333,1.212949
1,7.633333,9.498227
0,7.633333,1.817683
1,7.633333,5.973571
0,7.633333,0.355690
1,7.633333,5.715677
0,7.666666,3.040359
1,7.666666,1.952773
0,7.666666,1.330489
1,7.666666,3.285488
0,7.666666,5.076214
1,7.666666,2.056823
0,7.700000,0.790614
1,7.700000,3.042974
0,7.700000,3.434601
1,7.700000,3.784231
0,7.700000,1.340678
1,7.700000,3.334358
0,7.733333,1.719055
1,7.733333,1.207889
0,7.733333,2.955053
1,7.733333,1.292070
0,7.733333,2.159988
1,7.733333,1.133588
0,7.766666,3.863021
1,7.766666,3.881798
0,7.766666,4.722620
1,7.766666,3.527738
0,7.766666,3.111356
1,7.766666,2.966206
0,7.800000,2.061752
1,7.800000,3.821907
0,7.800000,6.984757
1,7.800000,1.206183
0,7.800000,2.451894
1,7.800000,1.325759
0,7.833333,2.208872
1,7.833333,10.713027
0,7.833333,5.728987
1,7.833333,2.989568
0,7.833333,2.777664
1,7.833333,5.309149
0,7.866666,4.665692
1,7.866666,3.502515
0,7.866666,3.421945
1,7.866666,4.266045
0,7.866666,3.998837
1,7.866666,4.197877
0,7.900000,0.403324
1,7.900000,6.417946
0,7.900000,0.604905
1,7.900000,0.767715
0,7.900000,0.648460
1,7.900000,2.626148
0,7.933333,2.367372
1,7.933333,4.053302
0,7.933333,7.916024
1,7.933333,4.723914
0,7.933333,1.908067
1,7.933333,2.253124
0,7.966666,2.672738
1,7.966666,13.843829
0,7.966666,0.921349
1,7.966666,3.335784
0,7.966666,2.343710
1,7.966666,7.538872
0,8.000000,2.617682
1,8.000000,1.145548
0,8.000000,4.677235
1,8.000000,11.810721
0,8.000000,3.876828
1,8.000000,3.791933
0,8.033333,2.367174
1,8.033333,3.823416
0,8.033333,6.548512
1,8.033333,4.822051
0,8.033333,1.741643
1,8.033333,1.771073
0,8.066666,0.799695
1,8.066666,0.626430
0,8.066666,2.895920
1,8.066666,3.357941
0,8.066666,0.246423
1,8.066666,1.890775
0,8.100000,0.791151
1,8.100000,3.618627
0,8.100000,1.014747
1,8.100000,11.439301
0,8.100000,1.501367
1,8.100000,7.147950
0,8.133333,3.145226
1,8.133333,2.656539
0,8.133333,2.155607
1,8.133333,3.839031
0,8.133333,3.990252
1,8.133333,2.004591
0,8.166666,4.297402
1,8.166666,9.224323
0,8.166666,4.504881
1,8.166666,3.124318
0,8.166666,5.055228
1,8.166666,5.254482
0,8.200000,0.053310
1,8.200000,2.023934
0,8.200000,0.238466
1,8.200000,3.242136
0,8.200000,0.032743
1,8.200000,1.665251
0,8.233333,1.600097
1,8.233333,4.776114
0,8.233333,2.311747
1,8.233333,10.945610
0,8.233333,1.697287
1,8.233333,8.816712
0,8.266666,5.505570
1,8.266666,1.597072
0,8.266666,5.060923
1,8.266666,2.223600
0,8.266666,5.609684
1,8.266666,2.546742
0,8.300000,1.733329
1,8.300000,9.313688
0,8.300000,0.693902
1,8.300000,5.159449
0,8.300000,1.423825
1,8.300000,6.266401
0,8.333333,2.853621
1,8.333333,1.382750
0,8.333333,4.784022
1,8.333333,1.397441
0,8.333333,2.994274
1,8.333333,0.896378
0,8.366666,0.610931
1,8.366666,1.288343
0,8.366666,1.432962
1,8.366666,0.271687
0,8.366666,0.615668
1,8.366666,0.265921
0,8.400000,2.291116
1,8.400000,2.449808
0,8.400000,3.690961
1,8.400000,0.756480
0,8.400000,2.783230
1,8.400000,0.489433
0,8.433333,3.687765
1,8.433333,9.519452
0,8.433333,3.336195
1,8.433333,7.119188
0,8.433333,4.113272
1,8.433333,7.893750
0,8.466666,0.191047
1,8.466666,4.381989
0,8.466666,0.971075
1,8.466666,3.645423
0,8.466666,0.363302
1,8.466666,3.075633
0,8.500000,1.068848
1,8.500000,0.650090
0,8.500000,1.269014
1,8.500000,0.167227
0,8.500000,1.217908
1,8.500000,0.097996
0,8.533333,6.467968
1,8.533333,4.214819
0,8.533333,3.928776
1,8.533333,1.840373
0,8.533333,5.816824
1,8.533333,1.382583
0,8.566666,0.856097
1,8.566666,8.997598
0,8.566666,1.539303
1,8.566666,5.705744
0,8.566666,0.982133
1,8.566666,7.690283
0,8.600000,0.960485
1,8.600000,4.090446
0,8.600000,0.950189
1,8.600000,1.964452
0,8.600000,0.754568
1,8.600000,1.399574
0,8.633333,0.897028
1,8.633333,3.092777
0,8.633333,1.840677
1,8.633333,1.505237
0,8.633333,0.852180
1,8.633333,2.287226
0,8.666666,3.834598
1,8.666666,3.028673
0,8.666666,4.718516
1,8.666666,3.245335
0,8.666666,3.174030
1,8.666666,4.424162
0,8.700000,1.544882
1,8.700000,0.884088
0,8.700000,4.213871
1,8.700000,0.199598
0,8.700000,1.625331
1,8.700000,0.352769
0,8.733333,1.676785
1,8.733333,4.181144
0,8.733333,1.394764
1,8.733333,4.886964
0,8.733333,1.146921
1,8.733333,5.425485
0,8.766666,4.623138
1,8.766666,0.187700
0,8.766666,4.804623
1,8.766666,0.438340
0,8.766666,5.739629
1,8.766666,0.411845
0,8.800000,2.566114
1,8.800000,1.305117
0,8.800000,0.668868
1,8.800000,1.169623
0,8.800000,2.441152
1,8.800000,1.914691
0,8.833333,2.785232
1,8.833333,4.120230
0,8.833333,1.114044
1,8.833333,2.366618
0,8.833333,2.333534
1,8.833333,1.486603
0,8.866666,2.048176
1,8.866666,0.791638
0,8.866666,0.960692
1,8.866666,1.556690
0,8.866666,1.627568
1,8.866666,1.992898
0,8.900000,6.764225
1,8.900000,6.989226
0,8.900000,5.128640
1,8.900000,3.428769
0,8.900000,6.746715
1,8.900000,2.958161
0,8.933333,1.635900
1,8.933333,2.963925
0,8.933333,3.216749
1,8.933333,1.801832
0,8.933333,2.049011
1,8.933333,1.189347
0,8.966666,6.324311
1,8.966666,9.115666
0,8.966666,7.665174
1,8.966666,4.053973
0,8.966666,6.473907
1,8.966666,3.968536
0,9.000000,2.424381
1,9.000000,6.467347
0,9.000000,1.658805
1,9.000000,2.840534
0,9.000000,2.286543
1,9.000000,3.344593
0,9.033333,1.836775
1,9.033333,6.507748
0,9.033333,1.907493
1,9.033333,6.483864
0,9.033333,1.713877
1,9.033333,7.786353
0,9.066666,0.525955
1,9.066666,0.054017
0,9.066666,0.149876
1,9.066666,0.910463
0,9.066666,0.332005
1,9.066666,0.804209
0,9.100000,0.802816
1,9.100000,5.883562
0,9.100000,0.213745
1,9.100000,2.129098
0,9.100000,0.717230
1,9.100000,2.669803
0,9.133333,0.281779
1,9.133333,2.568267
0,9.133333,0.348829
1,9.133333,1.366191
0,9.133333,0.190448
1,9.133333,1.081236
0,9.166666,3.413885
1,9.166666,4.040479
0,9.166666,2.366984
1,9.166666,1.398501
0,9.166666,3.079915
1,9.166666,0.933574
0,9.200000,5.854231
1,9.200000,0.462439
0,9.200000,6.877621
1,9.200000,1.523094
0,9.200000,6.471051
1,9.200000,1.744244
0,9.233333,1.971961
1,9.233333,7.607685
0,9.233333,1.473919
1,9.233333,3.276045
0,9.233333,1.672596
1,9.233333,3.927676
0,9.266666,0.569634
1,9.266666,2.182805
0,9.266666,0.916527
1,9.266666,1.362885
0,9.266666,0.577886
1,9.266666,1.135048
0,9.300000,0.163949
1,9.300000,4.362237
0,9.300000,0.203429
1,9.300000,4.028651
0,9.300000,0.143300
1,9.300000,4.417167
0,9.333333,4.143687
1,9.333333,2.789089
0,9.333333,3.019280
1,9.333333,4.642004
0,9.333333,3.760549
1,9.333333,3.865544
0,9.366666,0.255382
1,9.366666,0.857429
0,9.366666,0.452414
1,9.366666,0.095040
0,9.366666,0.347592
1,9.366666,0.180854
0,9.400000,1.185579
1,9.400000,2.034580
0,9.400000,1.614356
1,9.400000,1.056173
0,9.400000,1.483457
1,9.400000,1.063186
0,9.433333,1.197046
1,9.433333,3.619685
0,9.433333,1.503975
1,9.433333,2.033151
0,9.433333,1.215325
1,9.433333,1.769461
0,9.466666,0.438922
1,9.466666,4.875569
0,9.466666,0.176745
1,9.466666,2.845648
0,9.466666,0.398539
1,9.466666,3.100357
0,9.500000,1.607405
1,9.500000,0.617239
0,9.500000,1.789871
1,9.500000,0.783988
0,9.500000,1.371425
1,9.500000,0.600312
0,9.533333,4.055876
1,9.533333,1.571742
0,9.533333,3.440694
1,9.533333,3.028638
0,9.533333,4.266690
1,9.533333,3.044566
0,9.566666,0.333161
1,9.566666,1.784463
0,9.566666,0.608785
1,9.566666,1.155763
0,9.566666,0.522846
1,9.566666,1.066762
0,9.600000,0.093194
1,9.600000,5.444285
0,9.600000,0.021542
1,9.600000,3.911349
0,9.600000,0.034896
1,9.600000,3.911662
0,9.633333,1.069409
1,9.633333,1.881274
0,9.633333,0.868546
1,9.633333,0.422389
0,9.633333,0.758055
1,9.633333,0.431649
0,9.666666,0.426599
1,9.666666,2.434549
0,9.666666,0.530865
1,9.666666,3.890208
0,9.666666,0.687284
1,9.666666,3.753471
0,9.700000,0.402072
1,9.700000,3.080474
0,9.700000,0.649278
1,9.700000,2.259018
0,9.700000,0.567661
1,9.700000,2.265873
0,9.733333,0.471458
1,9.733333,3.958997
0,9.733333,0.765197
1,9.733333,1.656884
0,9.733333,0.571650
1,9.733333,1.639454
0,9.766666,1.843993
1,9.766666,6.797807
0,9.766666,1.980261
1,9.766666,2.917262
0,9.766666,2.352910
1,9.766666,2.938462
0,9.800000,0.433762
1,9.800000,0.825912
0,9.800000,0.748036
1,9.800000,0.177527
0,9.800000,0.613945
1,9.800000,0.177725
0,9.833333,0.112542
1,9.833333,0.935018
0,9.833333,0.384966
1,9.833333,1.326191
0,9.833333,0.088136
1,9.833333,1.340042
0,9.866666,3.663614
1,9.866666,2.063815
0,9.866666,4.535067
1,9.866666,0.455418
0,9.866666,4.085307
1,9.866666,0.386616
0,9.900000,0.025632
1,9.900000,2.994928
0,9.900000,0.024394
1,9.900000,1.212547
0,9.900000,0.065625
1,9.900000,1.151268
0,9.933333,1.636180
1,9.933333,8.310772
0,9.933333,1.852115
1,9.933333,8.630805
0,9.933333,2.067527
1,9.933333,8.575065
0,9.966666,0.750161
1,9.966666,8.648848
0,9.966666,1.194366
1,9.966666,3.930715
0,9.966666,0.751970
1,9.966666,3.725394
